REGISTRATION_YEAR,MANUFACTURER_NAME,MODEL_NO,TOTAL,Fuel_Type
2022,BAJAJ AUTO LTD.INDIA,PULSAR SD,1,Electric
2022,CHONGQING SOKON CO. LTD.,,1,Electric
2022,MERCEDES-BENZ,,1,Electric
2022,MERCEDES-BENZ,,2,Electric
2022,PORSCHE,,1,Electric
2022,TESLA,,1,Electric
2022,TVS MOTOR COMPANY LIMITED,TVS APACHE RTR,2,Electric
2023,AUDI,Audi 50 ,1,Electric
2023,AUDI,,29,Electric
2023,BMW,,3,Electric
2023,CHONGQING SOKON CO. LTD.,,1,Electric
2023,MERCEDES-BENZ,,2,Electric
2023,PORSCHE,,3,Electric
2023,RUNNER,,2,Electric
2023,RUNNER,,5,Electric
2023,SAIC MOTOR CORPORATION LTD. CHINA,,5,Electric
2023,TESLA,,1,Electric
2023,WALTON HI-TEC IND. BD. LTD.,,1,Electric
2023,WALTON HI-TEC INDUSTRIES LTD,,2,Electric
2023,WUXI XUSHI INTL CO.LTD,,1,Electric
2023,WUXI YADEA EXP-IMP .CO.LTD,,5,Electric
2024,AUDI,Audi Q8 ,1,Electric
2024,AUDI,Audi e-tron ,4,Electric
2024,AUDI,,10,Electric
2024,BMW,,19,Electric
2024,BYD AUTO INDUSTRY LTD CO,,17,Electric
2024,MERCEDES-BENZ,,8,Electric
2024,OMODA AND JAECOO AUTO CO. LTD,,1,Electric
2024,PORSCHE,,1,Electric
2024,ROLLS ROYCE,,3,Electric
2024,RUNNER,,14,Electric
2024,RUNNER,,152,Electric
2024,SAIC MOTOR CORPORATION LTD. CHINA,,1,Electric
2024,TOYOTA M. CROP.,,1,Electric
2024,WALTON HI-TEC INDUSTRIES LTD,LEO+,2,Electric
2024,WALTON HI-TEC INDUSTRIES LTD,,10,Electric
2024,WUXI YADEA EXP-IMP .CO.LTD,,23,Electric
2025,AUDI,Audi Q8 ,1,Electric
2025,AUDI,Audi e-tron ,4,Electric
2025,AUDI,,1,Electric
2025,BMW,,19,Electric
2025,BYD AUTO INDUSTRY LTD CO,,45,Electric
2025,CHANGAN INTER:CORPO:CHINA,,15,Electric
2025,CHANGZHOU LANXIANG MACHINERY FACTORY AVIC II,,1,Electric
2025,DONG FENG MOTOR.CO.LTD.,,3,Electric
2025,DONGFENG MOTOR CORPN.,,2,Electric
2025,GREATWALL JEEP.,,1,Electric
2025,GUANGDONG JINHAO M/C CO. LTD,,1,Electric
2025,HENAN HENRY AUTO CO. LTD,,1,Electric
2025,HUAIHAI GLOBAL E-COMMERCE CO LTD,,5,Electric
2025,MERCEDES,,6,Electric
2025,MERCEDES-BENZ,,37,Electric
2025,OMODA AND JAECOO AUTO CO. LTD,,7,Electric
2025,PORSCHE,,3,Electric
2025,ROLLS ROYCE,,2,Electric
2025,RUNNER,,3,Electric
2025,RUNNER,,22,Electric
2025,SAIC MOTOR CORPORATION LTD. CHINA,,5,Electric
2025,TECNO MOBILE LMITED,,4,Electric
2025,TESLA,,2,Electric
2025,WALTON HI-TEC INDUSTRIES LTD,,1,Electric
2025,WUXI YADEA EXP-IMP .CO.LTD,,31,Electric
2025,ZHEJIANG DOOHAN TECHNOLOGY CO. LTD,,1,Electric
2022,(M/S RASEL INDUSTRIES LTD.BANGLADESH.),DISCOVER ES 125,1,Non-Electric
2022,(M/S RASEL INDUSTRIES LTD.BANGLADESH.),SPLENDOR PLUS ,1,Non-Electric
2022,(M/S RASEL INDUSTRIES LTD.BANGLADESH.),V80XPRESS,27,Non-Electric
2022,(M/S RASEL INDUSTRIES LTD.BANGLADESH.),,738,Non-Electric
2022,5R MOTORS (GUANZHOU) CO. LTD,,1,Non-Electric
2022,5R MOTORS SIFANG CHINA,,2,Non-Electric
2022,A.C. CARS,,1,Non-Electric
2022,A.P HONDA THAILAND,,15,Non-Electric
2022,AFTAB AUTOMOBILES LTD.,,171,Non-Electric
2022,AMBASSADOR,,1,Non-Electric
2022,AMERICAN MOTOR CORP.,,1,Non-Electric
2022,ANHUI ANKAI AUTOMOBILE CO.,,9,Non-Electric
2022,ANHUI JIANGHUAI AUTOMOBILE CO LTD,HFC1042KD,20,Non-Electric
2022,ANHUI JIANGHUAI AUTOMOBILE CO LTD,,546,Non-Electric
2022,APRILIA ITALY,SUZUKI-SF-GIXXER,1,Non-Electric
2022,APRILIA ITALY,,22,Non-Electric
2022,ASHOKE LEYLAND,12M FESLF,1,Non-Electric
2022,ASHOKE LEYLAND,1616IL,26,Non-Electric
2022,ASHOKE LEYLAND,1618IL,1,Non-Electric
2022,ASHOKE LEYLAND,2518,1,Non-Electric
2022,ASHOKE LEYLAND,B-1212,7,Non-Electric
2022,ASHOKE LEYLAND,B-1216,1,Non-Electric
2022,ASHOKE LEYLAND,B-1616,17,Non-Electric
2022,ASHOKE LEYLAND,B-1818,3,Non-Electric
2022,ASHOKE LEYLAND,DOST,2,Non-Electric
2022,ASHOKE LEYLAND,DOST FS BS3,1,Non-Electric
2022,ASHOKE LEYLAND,DOST PLUS,3,Non-Electric
2022,ASHOKE LEYLAND,ECOMET-1012,6,Non-Electric
2022,ASHOKE LEYLAND,ECOMET-1212,1,Non-Electric
2022,ASHOKE LEYLAND,ECOMET-1212IL,13,Non-Electric
2022,ASHOKE LEYLAND,ECOMET-1214,1,Non-Electric
2022,ASHOKE LEYLAND,ECOMET-1214XL,9,Non-Electric
2022,ASHOKE LEYLAND,Eagle,1,Non-Electric
2022,ASHOKE LEYLAND,PARTNER-2820,14,Non-Electric
2022,ASHOKE LEYLAND,STAG 1012,1,Non-Electric
2022,ASHOKE LEYLAND,STAG 1212,2,Non-Electric
2022,ASHOKE LEYLAND,TUSKER CARGO 3518 IL,8,Non-Electric
2022,ASHOKE LEYLAND,TUSKER SUPER-1613H,9,Non-Electric
2022,ASHOKE LEYLAND,,4520,Non-Electric
2022,ASIA MOTOR WORKS LTD.,,3,Non-Electric
2022,ATLAS BANGLADESH LTD.,CBZ X-TREME,1,Non-Electric
2022,ATLAS BANGLADESH LTD.,CD DELUXE,6,Non-Electric
2022,ATLAS BANGLADESH LTD.,CD-DAWN (STD),1,Non-Electric
2022,ATLAS BANGLADESH LTD.,GLAMOUR,2,Non-Electric
2022,ATLAS BANGLADESH LTD.,HUNK,1,Non-Electric
2022,ATLAS BANGLADESH LTD.,PASSION PRO,3,Non-Electric
2022,ATLAS BANGLADESH LTD.,SUPER SPLENDOR,3,Non-Electric
2022,ATLAS BANGLADESH LTD.,,41,Non-Electric
2022,ATLAS HONDA LTD.,,22,Non-Electric
2022,ATUL AUTO LTD.,,32,Non-Electric
2022,AUDI,,39,Non-Electric
2022,"BAIC INTERNATIONAL DEVELOPMENT CO.LTD,CHINA.",,13,Non-Electric
2022,"BAJAJ AUTO LIMITED, INDIA",APACHE RTR 160CC,1,Non-Electric
2022,"BAJAJ AUTO LIMITED, INDIA",APACHE RTR 4V,2,Non-Electric
2022,"BAJAJ AUTO LIMITED, INDIA",Avenger,5,Non-Electric
2022,"BAJAJ AUTO LIMITED, INDIA",CB HORNET 160R (DOUBLE DISC) 162.71CC ,1,Non-Electric
2022,"BAJAJ AUTO LIMITED, INDIA",CB SHINE,3,Non-Electric
2022,"BAJAJ AUTO LIMITED, INDIA",CT 100,2,Non-Electric
2022,"BAJAJ AUTO LIMITED, INDIA",CT100,149,Non-Electric
2022,"BAJAJ AUTO LIMITED, INDIA",DIO-110CC,1,Non-Electric
2022,"BAJAJ AUTO LIMITED, INDIA",DISCOVER,2,Non-Electric
2022,"BAJAJ AUTO LIMITED, INDIA",DISCOVER ES 125,818,Non-Electric
2022,"BAJAJ AUTO LIMITED, INDIA",Discover,28,Non-Electric
2022,"BAJAJ AUTO LIMITED, INDIA",FAZER F1 V2.0,1,Non-Electric
2022,"BAJAJ AUTO LIMITED, INDIA",FZS-V2-150CC,1,Non-Electric
2022,"BAJAJ AUTO LIMITED, INDIA",FZS-V3-150CC,3,Non-Electric
2022,"BAJAJ AUTO LIMITED, INDIA",GIXXER,1,Non-Electric
2022,"BAJAJ AUTO LIMITED, INDIA",GIXXER-DT-DD,1,Non-Electric
2022,"BAJAJ AUTO LIMITED, INDIA",METRO ES,4,Non-Electric
2022,"BAJAJ AUTO LIMITED, INDIA",PASSION XPRO,1,Non-Electric
2022,"BAJAJ AUTO LIMITED, INDIA",Platina,10,Non-Electric
2022,"BAJAJ AUTO LIMITED, INDIA",Pulsar,16,Non-Electric
2022,"BAJAJ AUTO LIMITED, INDIA",Roxor,1,Non-Electric
2022,"BAJAJ AUTO LIMITED, INDIA",SPLENDOR PLUS ,3,Non-Electric
2022,"BAJAJ AUTO LIMITED, INDIA",SUZUKI-SF-GIXXER,3,Non-Electric
2022,"BAJAJ AUTO LIMITED, INDIA",X-BLADE-160CC,2,Non-Electric
2022,"BAJAJ AUTO LIMITED, INDIA",,28849,Non-Electric
2022,BAJAJ AUTO LTD.INDIA, ZAARA,8,Non-Electric
2022,BAJAJ AUTO LTD.INDIA,APACHE RTR 160CC,5,Non-Electric
2022,BAJAJ AUTO LTD.INDIA,APACHE RTR 4V,7,Non-Electric
2022,BAJAJ AUTO LTD.INDIA,AVENGER 150,12,Non-Electric
2022,BAJAJ AUTO LTD.INDIA,AVENGER 160,401,Non-Electric
2022,BAJAJ AUTO LTD.INDIA,Avenger,605,Non-Electric
2022,BAJAJ AUTO LTD.INDIA,BAJAJ CHETAK SCOOTER,5,Non-Electric
2022,BAJAJ AUTO LTD.INDIA,BULLET,2,Non-Electric
2022,BAJAJ AUTO LTD.INDIA,Bajaj Qute,16,Non-Electric
2022,BAJAJ AUTO LTD.INDIA,Bajaj RE60,10,Non-Electric
2022,BAJAJ AUTO LTD.INDIA,CB HORNET 160R (DOUBLE DISC) 162.71CC ,2,Non-Electric
2022,BAJAJ AUTO LTD.INDIA,CB SHINE,7,Non-Electric
2022,BAJAJ AUTO LTD.INDIA,CB TRIGGER (STD),1,Non-Electric
2022,BAJAJ AUTO LTD.INDIA,CB-SHINE-SP-125CC,1,Non-Electric
2022,BAJAJ AUTO LTD.INDIA,CHEETA,2,Non-Electric
2022,BAJAJ AUTO LTD.INDIA,CT 100,2070,Non-Electric
2022,BAJAJ AUTO LTD.INDIA,DEAM NEO (110CC),4,Non-Electric
2022,BAJAJ AUTO LTD.INDIA,DIO-110CC,7,Non-Electric
2022,BAJAJ AUTO LTD.INDIA,DISCOVER,3405,Non-Electric
2022,BAJAJ AUTO LTD.INDIA,DISCOVER ES 125,26,Non-Electric
2022,BAJAJ AUTO LTD.INDIA,Discover,44127,Non-Electric
2022,BAJAJ AUTO LTD.INDIA,Dominar,1,Non-Electric
2022,BAJAJ AUTO LTD.INDIA,FAZAR-V2-150CC,1,Non-Electric
2022,BAJAJ AUTO LTD.INDIA,FAZER F1 V2.0,1,Non-Electric
2022,BAJAJ AUTO LTD.INDIA,FZS DD,5,Non-Electric
2022,BAJAJ AUTO LTD.INDIA,FZS-V2-150CC,12,Non-Electric
2022,BAJAJ AUTO LTD.INDIA,FZS-V3-150CC,15,Non-Electric
2022,BAJAJ AUTO LTD.INDIA,GE 110D,1,Non-Electric
2022,BAJAJ AUTO LTD.INDIA,GIXXER,9,Non-Electric
2022,BAJAJ AUTO LTD.INDIA,GIXXER 5F,3,Non-Electric
2022,BAJAJ AUTO LTD.INDIA,GIXXER SF FI -ABS,2,Non-Electric
2022,BAJAJ AUTO LTD.INDIA,GIXXER SF-GP-DD,2,Non-Electric
2022,BAJAJ AUTO LTD.INDIA,GIXXER-DT-DD,6,Non-Electric
2022,BAJAJ AUTO LTD.INDIA,GLAMOUR,1,Non-Electric
2022,BAJAJ AUTO LTD.INDIA,GSXR 150,1,Non-Electric
2022,BAJAJ AUTO LTD.INDIA,HF DELUXE,15,Non-Electric
2022,BAJAJ AUTO LTD.INDIA,HUNK,3,Non-Electric
2022,BAJAJ AUTO LTD.INDIA,IGNITOR,22,Non-Electric
2022,BAJAJ AUTO LTD.INDIA,LIVO,3,Non-Electric
2022,BAJAJ AUTO LTD.INDIA,LIVO-DISC-110CC,1,Non-Electric
2022,BAJAJ AUTO LTD.INDIA,METRO ES,4,Non-Electric
2022,BAJAJ AUTO LTD.INDIA,METRO PLUS,1,Non-Electric
2022,BAJAJ AUTO LTD.INDIA,PASSION XPRO,1,Non-Electric
2022,BAJAJ AUTO LTD.INDIA,PULSAR AS,15,Non-Electric
2022,BAJAJ AUTO LTD.INDIA,PULSAR NEON,121,Non-Electric
2022,BAJAJ AUTO LTD.INDIA,PULSAR NS,593,Non-Electric
2022,BAJAJ AUTO LTD.INDIA,PULSAR SD,5530,Non-Electric
2022,BAJAJ AUTO LTD.INDIA,PULSAR TD,4338,Non-Electric
2022,BAJAJ AUTO LTD.INDIA,Platina,6413,Non-Electric
2022,BAJAJ AUTO LTD.INDIA,Pulsar,20103,Non-Electric
2022,BAJAJ AUTO LTD.INDIA,RADEON,1,Non-Electric
2022,BAJAJ AUTO LTD.INDIA,Roxor,1,Non-Electric
2022,BAJAJ AUTO LTD.INDIA,SALUTO-125CC,3,Non-Electric
2022,BAJAJ AUTO LTD.INDIA,SPLENDOR PLUS ,23,Non-Electric
2022,BAJAJ AUTO LTD.INDIA,STRYKER,2,Non-Electric
2022,BAJAJ AUTO LTD.INDIA,SUZUKI-GE110,1,Non-Electric
2022,BAJAJ AUTO LTD.INDIA,SUZUKI-SF-GIXXER,19,Non-Electric
2022,BAJAJ AUTO LTD.INDIA,TATA,1,Non-Electric
2022,BAJAJ AUTO LTD.INDIA,TURBO-125,2,Non-Electric
2022,BAJAJ AUTO LTD.INDIA,TVS APACHE RTR,1,Non-Electric
2022,BAJAJ AUTO LTD.INDIA,TVS METRO ES N,1,Non-Electric
2022,BAJAJ AUTO LTD.INDIA,TVS STR YKER,1,Non-Electric
2022,BAJAJ AUTO LTD.INDIA,TVS Wego,8,Non-Electric
2022,BAJAJ AUTO LTD.INDIA,Tata 407,4,Non-Electric
2022,BAJAJ AUTO LTD.INDIA,V 15,30,Non-Electric
2022,BAJAJ AUTO LTD.INDIA,X-BLADE-160CC,25,Non-Electric
2022,BAJAJ AUTO LTD.INDIA,XL-100,6,Non-Electric
2022,BAJAJ AUTO LTD.INDIA,YAMAHA FZS V3.0 B8T200-010CMDPBM,1,Non-Electric
2022,BAJAJ AUTO LTD.INDIA,,52600,Non-Electric
2022,BANGLADESH HONDA PRIVATE LTD., ZAARA,1,Non-Electric
2022,BANGLADESH HONDA PRIVATE LTD.,APACHE RTR 160CC,1,Non-Electric
2022,BANGLADESH HONDA PRIVATE LTD.,APACHE RTR 4V,17,Non-Electric
2022,BANGLADESH HONDA PRIVATE LTD.,Avenger,19,Non-Electric
2022,BANGLADESH HONDA PRIVATE LTD.,Bajaj Qute,5,Non-Electric
2022,BANGLADESH HONDA PRIVATE LTD.,CB HORNET 160R (DOUBLE DISC) 162.71CC ,2339,Non-Electric
2022,BANGLADESH HONDA PRIVATE LTD.,CB SHINE,560,Non-Electric
2022,BANGLADESH HONDA PRIVATE LTD.,CB TRIGGER (STD),93,Non-Electric
2022,BANGLADESH HONDA PRIVATE LTD.,CB-SHINE,3,Non-Electric
2022,BANGLADESH HONDA PRIVATE LTD.,CB-SHINE-SP-125CC,4901,Non-Electric
2022,BANGLADESH HONDA PRIVATE LTD.,CBR-150RAK,47,Non-Electric
2022,BANGLADESH HONDA PRIVATE LTD.,CD 80,14,Non-Electric
2022,BANGLADESH HONDA PRIVATE LTD.,DEAM NEO (110CC),463,Non-Electric
2022,BANGLADESH HONDA PRIVATE LTD.,DIO(STD),32,Non-Electric
2022,BANGLADESH HONDA PRIVATE LTD.,DIO-110CC,808,Non-Electric
2022,BANGLADESH HONDA PRIVATE LTD.,DREAM NEO-110CC,221,Non-Electric
2022,BANGLADESH HONDA PRIVATE LTD.,DREAM-110CC,5985,Non-Electric
2022,BANGLADESH HONDA PRIVATE LTD.,Discover,18,Non-Electric
2022,BANGLADESH HONDA PRIVATE LTD.,FS50,1,Non-Electric
2022,BANGLADESH HONDA PRIVATE LTD.,FZS DD,1,Non-Electric
2022,BANGLADESH HONDA PRIVATE LTD.,FZS-V2-150CC,1,Non-Electric
2022,BANGLADESH HONDA PRIVATE LTD.,FZS-V3-150CC,5,Non-Electric
2022,BANGLADESH HONDA PRIVATE LTD.,FZS600,13,Non-Electric
2022,BANGLADESH HONDA PRIVATE LTD.,GE110,3,Non-Electric
2022,BANGLADESH HONDA PRIVATE LTD.,GIXXER,17,Non-Electric
2022,BANGLADESH HONDA PRIVATE LTD.,GIXXER 5F,1,Non-Electric
2022,BANGLADESH HONDA PRIVATE LTD.,GIXXER SF-GP-DD,2,Non-Electric
2022,BANGLADESH HONDA PRIVATE LTD.,GIXXER-DT-DD,1,Non-Electric
2022,BANGLADESH HONDA PRIVATE LTD.,GSXR 150,1,Non-Electric
2022,BANGLADESH HONDA PRIVATE LTD.,HF DELUXE,1,Non-Electric
2022,BANGLADESH HONDA PRIVATE LTD.,HUNK,7,Non-Electric
2022,BANGLADESH HONDA PRIVATE LTD.,IGNITOR,11,Non-Electric
2022,BANGLADESH HONDA PRIVATE LTD.,LIVO,84,Non-Electric
2022,BANGLADESH HONDA PRIVATE LTD.,LIVO-DISC-110CC,5986,Non-Electric
2022,BANGLADESH HONDA PRIVATE LTD.,LIVO-DRUM-110CC,1325,Non-Electric
2022,BANGLADESH HONDA PRIVATE LTD.,Platina,13,Non-Electric
2022,BANGLADESH HONDA PRIVATE LTD.,Pulsar,69,Non-Electric
2022,BANGLADESH HONDA PRIVATE LTD.,Roxor,1,Non-Electric
2022,BANGLADESH HONDA PRIVATE LTD.,SPLENDOR PLUS ,24,Non-Electric
2022,BANGLADESH HONDA PRIVATE LTD.,SUZUKI-SF-GIXXER,43,Non-Electric
2022,BANGLADESH HONDA PRIVATE LTD.,TVS APACHE RTR,1,Non-Electric
2022,BANGLADESH HONDA PRIVATE LTD.,TVS METRO ES N,1,Non-Electric
2022,BANGLADESH HONDA PRIVATE LTD.,TVS NTORQ,1,Non-Electric
2022,BANGLADESH HONDA PRIVATE LTD.,TVS Scooty,21,Non-Electric
2022,BANGLADESH HONDA PRIVATE LTD.,TVS Wego,4,Non-Electric
2022,BANGLADESH HONDA PRIVATE LTD.,X-BLADE-160CC,7902,Non-Electric
2022,BANGLADESH HONDA PRIVATE LTD.,XL 100CC,1,Non-Electric
2022,BANGLADESH HONDA PRIVATE LTD.,XL-100,4,Non-Electric
2022,BANGLADESH HONDA PRIVATE LTD.,,19885,Non-Electric
2022,BANGLORY INTL. LTD,,2,Non-Electric
2022,BEDFORD,,2,Non-Electric
2022,BEIQI FOTON MOTOR CO. LTD.,Tata 407 Ex2,1,Non-Electric
2022,BEIQI FOTON MOTOR CO. LTD.,,591,Non-Electric
2022,BENTLEY,,10,Non-Electric
2022,BGMT BIG DVPT.CO.CHINA,,1,Non-Electric
2022,BHAGYANAGAR CHEETAH INDIA,,3,Non-Electric
2022,BMW,Concept X7 iPerformance[80] ,1,Non-Electric
2022,BMW,,129,Non-Electric
2022,BRILLIANCE SHINERAY CO.LTD.,,1,Non-Electric
2022,"BRILLIANCE SWM SALES CO. LTD., CN",,1,Non-Electric
2022,BRITISH LEYLAND,,1,Non-Electric
2022,BUTTER FLY,,2,Non-Electric
2022,CHANGAN AUTOBOBILE CO. LTD.,,3,Non-Electric
2022,CHANGAN INTER:CORPO:CHINA,,4,Non-Electric
2022,CHANGCHUN MOTOR CYCLE,,1,Non-Electric
2022,CHANGSHA FOTON CO. LTD,,98,Non-Electric
2022,CHANGSHA OCEAN AUTOMOBILES LTD.,,23,Non-Electric
2022,CHANGXHOU VEHICLE CO.,,1,Non-Electric
2022,CHANGZHOU JINCHAO MC. CO.,,3,Non-Electric
2022,CHERY AUTOMOBILES LTD.,,48,Non-Electric
2022,CHINA AUTO INT.MAXI CO LTD,Pulsar,1,Non-Electric
2022,CHINA AUTO INT.MAXI CO LTD,,10,Non-Electric
2022,"CHINA FAWGROUP, I & E CRP",,15,Non-Electric
2022,CHINA NATIONAL AERO,,1,Non-Electric
2022,CHINA NATIONAL INDUSTRY,,1,Non-Electric
2022,CHINA SHANDONG SHIFENG (GROUP) CO. LTD.,,5,Non-Electric
2022,CHINAJIALING IND CO.LTD,,1,Non-Electric
2022,CHONGJING INDUSTRY CHINA,,16,Non-Electric
2022,CHONGQIN DEYUAN IMP/EXP CO. LTD,XL-100,1,Non-Electric
2022,CHONGQIN DEYUAN IMP/EXP CO. LTD,,5,Non-Electric
2022,CHONGQING CHANGJIANG  MOTORCYCLE MANUFACTURING CO.,,7,Non-Electric
2022,CHONGQING DAJIANG MOTORCYCLE ENGINE MANUFACTURE CO,,1,Non-Electric
2022,CHONGQING DAYAN M/C CO. LTD,,10,Non-Electric
2022,CHONGQING DONGBEN MECHANISM MANUFACTURING CO. LTD.,,6,Non-Electric
2022,CHONGQING GM INDUSTRIES,V100 LINK,1,Non-Electric
2022,CHONGQING GM INDUSTRIES,,1,Non-Electric
2022,CHONGQING HENSIM GRP CO. LTD. CN.,,7,Non-Electric
2022,CHONGQING KINGPOWER INNOVATION LTD.,,2,Non-Electric
2022,CHONGQING LIFAN HONGDA CO.,IGNITOR,1,Non-Electric
2022,CHONGQING LIFAN HONGDA CO.,SPLENDOR PLUS ,1,Non-Electric
2022,CHONGQING LIFAN HONGDA CO.,,18,Non-Electric
2022,CHONGQING LIFAN INDUSTRY(GROUP) CO.LTD.,,143,Non-Electric
2022,CHONGQING LIFAN(GROUP) IMP. & EXP. CO.LTD.,,125,Non-Electric
2022,CHONGQING LONCIN GROUP COMPANY LTD.,,9,Non-Electric
2022,CHONGQING LONCIN I & E CO.,HUNK,1,Non-Electric
2022,CHONGQING LONCIN I & E CO.,IGNITOR,1,Non-Electric
2022,CHONGQING LONCIN I & E CO.,ZAARA-100,3,Non-Electric
2022,CHONGQING LONCIN I & E CO.,,13,Non-Electric
2022,CHONGQING LONCIN IMP & EXP CO.,CT 100,1,Non-Electric
2022,CHONGQING LONCIN IMP & EXP CO.,DEAM NEO (110CC),1,Non-Electric
2022,CHONGQING LONCIN IMP & EXP CO.,Discover,1,Non-Electric
2022,CHONGQING LONCIN IMP & EXP CO.,GSXR 150,2,Non-Electric
2022,CHONGQING LONCIN IMP & EXP CO.,HUNK,1,Non-Electric
2022,CHONGQING LONCIN IMP & EXP CO.,Platina,1,Non-Electric
2022,CHONGQING LONCIN IMP & EXP CO.,SALUTO-125CC,1,Non-Electric
2022,CHONGQING LONCIN IMP & EXP CO.,TVS APACHE RTR,1,Non-Electric
2022,CHONGQING LONCIN IMP & EXP CO.,V100 LINK,11,Non-Electric
2022,CHONGQING LONCIN IMP & EXP CO.,,264,Non-Electric
2022,CHONGQING NEW SUMMIT MOTOR IMPORT & EXPORT CO.LTD.,,2,Non-Electric
2022,CHONGQING RATO INTELLIGENT CO. LTD. CN.,,67,Non-Electric
2022,CHONGQING RUICHI VEHICLE CO.LTD.,,1,Non-Electric
2022,CHONGQING SHANE LTD.,,1,Non-Electric
2022,CHONGQING SHINERAY AUTOMOBILE CO. LTD,V110(LINKAD),1,Non-Electric
2022,CHONGQING SHINERAY AUTOMOBILE CO. LTD,,33,Non-Electric
2022,CHONGQING SOKON CO. LTD.,,254,Non-Electric
2022,CHONGQING UNION CO. LTD.,,3,Non-Electric
2022,CHONGQING WANHU IMP.&EXP.CO.LTD,,9,Non-Electric
2022,CHONGQING YINXIANG M/C CO.LTD.,,5,Non-Electric
2022,CHONGQING YINXIANG MOTOR CYCLE GROUP CO LTD CHINA,,2,Non-Electric
2022,CHONGQING YUAN GROUP IMP.& EXP.CO.LTD.,,2,Non-Electric
2022,CHONGQING ZONGO VEHICLE CO. LTD.,,7,Non-Electric
2022,CHONGQING ZONGSHEN AUTOMOBILE INDUSTRY CO.LTD.,Platina,1,Non-Electric
2022,CHONGQING ZONGSHEN AUTOMOBILE INDUSTRY CO.LTD.,Pulsar,1,Non-Electric
2022,CHONGQING ZONGSHEN AUTOMOBILE INDUSTRY CO.LTD.,,111,Non-Electric
2022,CHONGQUING GUANGYI MOTORCYCLE,,3,Non-Electric
2022,CHONGQUING SINO HONGDA CO.,,1,Non-Electric
2022,CONTINENTAL ENGINES PVT. LTD. INDIA,,1,Non-Electric
2022,CHONQING YINGANG SCIENCE & TECH CO.LTD.CHAINA,,5,Non-Electric
2022,D.A.F.,,13,Non-Electric
2022,D.C.M TOYOTA,,2,Non-Electric
2022,DAEWOO MOTOR,,1,Non-Electric
2022,DAIHATSHU,,1,Non-Electric
2022,DAIHATSU,Corolla Axio,1,Non-Electric
2022,DAIHATSU,,110,Non-Electric
2022,DAIMLER,,9,Non-Electric
2022,DAIMLER BENZ,,7,Non-Electric
2022,DAYANA,,9,Non-Electric
2022,DAYANG,BULLET,65,Non-Electric
2022,DAYANG,,149,Non-Electric
2022,DAYON ASTRONAUTIC M/C MFG COM.,,1,Non-Electric
2022,DAYUN,Platina,1,Non-Electric
2022,DAYUN,,18,Non-Electric
2022,DNC ASIATIC HOLDINGS,,5,Non-Electric
2022,DONG FENG MOTOR.CO.LTD.,,14,Non-Electric
2022,DONGFENG MOTOR CORPN.,,57,Non-Electric
2022,DONGFENG YUAN VEHICLE CO.,,3,Non-Electric
2022,DYL M/C LTD. PAKISTAN.,,3,Non-Electric
2022,DAIMLER INDIA COMMERCIAL VEHICLE PVT. LTD. INDIA,,12,Non-Electric
2022,EICHER INTERNATIONAL LTD,,4,Non-Electric
2022,EICHER MOTORS LTD.,EICHER 10.90L,50,Non-Electric
2022,EICHER MOTORS LTD.,EICHER 20.15,19,Non-Electric
2022,EICHER MOTORS LTD.,Eicher Polaris Multix22,1,Non-Electric
2022,EICHER MOTORS LTD.,PRO-3015,27,Non-Electric
2022,EICHER MOTORS LTD.,,3350,Non-Electric
2022,ELITE AUTO CO LTD.THAILAND,,1,Non-Electric
2022,EMMA MOTORS,,10,Non-Electric
2022,ESCORTS MOTOR CO.,,212,Non-Electric
2022,FAW GROUP CORP.,,9,Non-Electric
2022,FCA INTERNATIONAL OPERATIONS LLC,,13,Non-Electric
2022,FORCE MOTORS INDIA.,,9,Non-Electric
2022,FORD,,7,Non-Electric
2022,FOSHAN CITY FOSTI M/C ENTP,,56,Non-Electric
2022,FREEDOMOTOR HONDA CORP.LTD.,ROYAL,7,Non-Electric
2022,FREEDOMOTOR HONDA CORP.LTD.,TROVER,2,Non-Electric
2022,FREEDOMOTOR HONDA CORP.LTD.,,31,Non-Electric
2022,GENETA HOLDINGS LTD. CHINA,,6,Non-Electric
2022,GLOBAL M/C LTD.INDIA,,1,Non-Electric
2022,GLOBE TRADING COMPANY LTD. CHINA,,1,Non-Electric
2022,GP LIMITED. THAILAND,,327,Non-Electric
2022,GPX LIMITED. THAILAND,Avenger,1,Non-Electric
2022,GPX LIMITED. THAILAND,SUZUKI-SF-GIXXER,1,Non-Electric
2022,GPX LIMITED. THAILAND,,136,Non-Electric
2022,GPX. TAHILAND,,39,Non-Electric
2022,GREAT WALL PICKUP,,9,Non-Electric
2022,GREATWALL JEEP.,Great Wall Voleex V80,1,Non-Electric
2022,GREATWALL JEEP.,,216,Non-Electric
2022,GUANGDONG FODAY,,10,Non-Electric
2022,GUANGDONG MOTOR CO. LTD,,2,Non-Electric
2022,GUANGDONG TAYO M/C CO. LTD.,,80,Non-Electric
2022,GUANGZHOU AUTOBUS CO LTD.,,1,Non-Electric
2022,GUANGZHOU DAYANG M/C CO. LTD.,CB HORNET,1,Non-Electric
2022,GUANGZHOU DAYANG M/C CO. LTD.,SPROUT(DRUM),3,Non-Electric
2022,GUANGZHOU DAYANG M/C CO. LTD.,,30,Non-Electric
2022,GUANGZHOU FEKON M/C CO. LTD.,,25,Non-Electric
2022,GUANGZHOU FEKON M/C CO. LTD. CHINA,,18,Non-Electric
2022,GUANGZHOU HAOJIN MOTORCYCLE CO.LTD.,,28,Non-Electric
2022,GUANGZHOU MOTORS GROUP CO.,,1,Non-Electric
2022,"GUANGZHOU SACHS, CHINA",,1,Non-Electric
2022,GUANGZHOU SONLIK INDUSTRY CO. LTD.,,8,Non-Electric
2022,"GUANGZHOU SONLIK INDUSTRY CO.,LTD, CHINA",,4,Non-Electric
2022,H. S. L,,1,Non-Electric
2022,HACK TRUCKS,,1,Non-Electric
2022,HAOJIN HAILI M/C CO,,6,Non-Electric
2022,HEBEI RENQIU FR. EC. C,,2,Non-Electric
2022,HERO HONDA MOTOR CO.,HUNK,1,Non-Electric
2022,HERO HONDA MOTOR CO.,HUNK DDM,22,Non-Electric
2022,HERO HONDA MOTOR CO.,SALUTO-125CC,1,Non-Electric
2022,HERO HONDA MOTOR CO.,SPLENDOR PLUS ,1,Non-Electric
2022,HERO HONDA MOTOR CO.,,453,Non-Electric
2022,HERO MOTOR CORP. INDIA,APACHE RTR 4V,5,Non-Electric
2022,HERO MOTOR CORP. INDIA,Bajaj Qute,2,Non-Electric
2022,HERO MOTOR CORP. INDIA,CB SHINE,3,Non-Electric
2022,HERO MOTOR CORP. INDIA,DIO-110CC,1,Non-Electric
2022,HERO MOTOR CORP. INDIA,DISCOVER ES 125,3,Non-Electric
2022,HERO MOTOR CORP. INDIA,Discover,13,Non-Electric
2022,HERO MOTOR CORP. INDIA,FZS-V2-150CC,5,Non-Electric
2022,HERO MOTOR CORP. INDIA,FZS-V3-150CC,4,Non-Electric
2022,HERO MOTOR CORP. INDIA,GIXXER,3,Non-Electric
2022,HERO MOTOR CORP. INDIA,GLAMOUR,1381,Non-Electric
2022,HERO MOTOR CORP. INDIA,HF DELUXE,1544,Non-Electric
2022,HERO MOTOR CORP. INDIA,HUNK,811,Non-Electric
2022,HERO MOTOR CORP. INDIA,HUNK DDM,230,Non-Electric
2022,HERO MOTOR CORP. INDIA,IGNITOR,1280,Non-Electric
2022,HERO MOTOR CORP. INDIA,LIVO,1,Non-Electric
2022,HERO MOTOR CORP. INDIA,PASSION PRO,161,Non-Electric
2022,HERO MOTOR CORP. INDIA,PASSION XPRO,255,Non-Electric
2022,HERO MOTOR CORP. INDIA,PLEASURE,95,Non-Electric
2022,HERO MOTOR CORP. INDIA,Platina,5,Non-Electric
2022,HERO MOTOR CORP. INDIA,Pulsar,5,Non-Electric
2022,HERO MOTOR CORP. INDIA,SPLENDOR PLUS ,3380,Non-Electric
2022,HERO MOTOR CORP. INDIA,SPLENDOR-SMART,107,Non-Electric
2022,HERO MOTOR CORP. INDIA,SUZUKI-SF-GIXXER,1,Non-Electric
2022,HERO MOTOR CORP. INDIA,THRILLER 160,2,Non-Electric
2022,HERO MOTOR CORP. INDIA,TVS NTORQ,1,Non-Electric
2022,HERO MOTOR CORP. INDIA,TVS Wego,1,Non-Electric
2022,HERO MOTOR CORP. INDIA,X-BLADE-160CC,2,Non-Electric
2022,HERO MOTOR CORP. INDIA,XL-100,1,Non-Electric
2022,HERO MOTOR CORP. INDIA,XTREME,44,Non-Electric
2022,HERO MOTOR CORP. INDIA,ZAARA-100,1,Non-Electric
2022,HERO MOTOR CORP. INDIA,,11847,Non-Electric
2022,HERO SPEED,,11,Non-Electric
2022,"HIGER BUS COMPANY LIMITED.,CHINA",,5,Non-Electric
2022,HINO MOTORS LTD.,HINO RM Bus,1,Non-Electric
2022,HINO MOTORS LTD.,Hino AK,1,Non-Electric
2022,HINO MOTORS LTD.,Hino FC,1,Non-Electric
2022,HINO MOTORS LTD.,Hino XZU,1,Non-Electric
2022,HINO MOTORS LTD.,,494,Non-Electric
2022,HMCL NILOY BD. LTD.,APACHE RTR 4V,5,Non-Electric
2022,HMCL NILOY BD. LTD.,BULLET,2,Non-Electric
2022,HMCL NILOY BD. LTD.,Bajaj Qute,8,Non-Electric
2022,HMCL NILOY BD. LTD.,CB SHINE,2,Non-Electric
2022,HMCL NILOY BD. LTD.,CT 100,5,Non-Electric
2022,HMCL NILOY BD. LTD.,CT100,1,Non-Electric
2022,HMCL NILOY BD. LTD.,DEAM NEO (110CC),7,Non-Electric
2022,HMCL NILOY BD. LTD.,DIO-110CC,2,Non-Electric
2022,HMCL NILOY BD. LTD.,DISCOVER,1,Non-Electric
2022,HMCL NILOY BD. LTD.,DISCOVER ES 125,6,Non-Electric
2022,HMCL NILOY BD. LTD.,Discover,19,Non-Electric
2022,HMCL NILOY BD. LTD.,FZS DD,1,Non-Electric
2022,HMCL NILOY BD. LTD.,FZS-V2-150CC,11,Non-Electric
2022,HMCL NILOY BD. LTD.,FZS-V3-150CC,7,Non-Electric
2022,HMCL NILOY BD. LTD.,GE110,2,Non-Electric
2022,HMCL NILOY BD. LTD.,GIXXER,1,Non-Electric
2022,HMCL NILOY BD. LTD.,GLAMOUR,3478,Non-Electric
2022,HMCL NILOY BD. LTD.,HF DELUXE,4868,Non-Electric
2022,HMCL NILOY BD. LTD.,HUNK,2337,Non-Electric
2022,HMCL NILOY BD. LTD.,IGNITOR,3203,Non-Electric
2022,HMCL NILOY BD. LTD.,ISMART-110,223,Non-Electric
2022,HMCL NILOY BD. LTD.,KITE+,1,Non-Electric
2022,HMCL NILOY BD. LTD.,MESTRO,268,Non-Electric
2022,HMCL NILOY BD. LTD.,METRO PLUS,1,Non-Electric
2022,HMCL NILOY BD. LTD.,PASSION XPRO,1232,Non-Electric
2022,HMCL NILOY BD. LTD.,PLEASURE,199,Non-Electric
2022,HMCL NILOY BD. LTD.,PULSAR SD,1,Non-Electric
2022,HMCL NILOY BD. LTD.,Platina,4,Non-Electric
2022,HMCL NILOY BD. LTD.,Pulsar,12,Non-Electric
2022,HMCL NILOY BD. LTD.,RADEON,1,Non-Electric
2022,HMCL NILOY BD. LTD.,SALUTO-125CC,2,Non-Electric
2022,HMCL NILOY BD. LTD.,SPLENDOR PLUS ,6965,Non-Electric
2022,HMCL NILOY BD. LTD.,STRYKER,2,Non-Electric
2022,HMCL NILOY BD. LTD.,SUZUKI-SF-GIXXER,8,Non-Electric
2022,HMCL NILOY BD. LTD.,THRILLER 160,549,Non-Electric
2022,HMCL NILOY BD. LTD.,TVS APACHE RTR,1,Non-Electric
2022,HMCL NILOY BD. LTD.,TVS METRO ES N,1,Non-Electric
2022,HMCL NILOY BD. LTD.,X-BLADE-160CC,5,Non-Electric
2022,HMCL NILOY BD. LTD.,XL 100CC,3,Non-Electric
2022,HMCL NILOY BD. LTD.,,15287,Non-Electric
2022,HONDA INDIA PVT.LTD, ZAARA,1,Non-Electric
2022,HONDA INDIA PVT.LTD,APACHE RTR 4V,2,Non-Electric
2022,HONDA INDIA PVT.LTD,CB HORNET,250,Non-Electric
2022,HONDA INDIA PVT.LTD,CB SHINE,2,Non-Electric
2022,HONDA INDIA PVT.LTD,CB TRIGGER,13,Non-Electric
2022,HONDA INDIA PVT.LTD,CB-SHINE,334,Non-Electric
2022,HONDA INDIA PVT.LTD,DIO-110CC,4,Non-Electric
2022,HONDA INDIA PVT.LTD,DREAM DEO,261,Non-Electric
2022,HONDA INDIA PVT.LTD,Discover,7,Non-Electric
2022,HONDA INDIA PVT.LTD,FAZER FI V2.0 ,1,Non-Electric
2022,HONDA INDIA PVT.LTD,IGNITOR,1,Non-Electric
2022,HONDA INDIA PVT.LTD,LIVO,383,Non-Electric
2022,HONDA INDIA PVT.LTD,LIVO(DRUM),171,Non-Electric
2022,HONDA INDIA PVT.LTD,Pulsar,9,Non-Electric
2022,HONDA INDIA PVT.LTD,STRYKER,7,Non-Electric
2022,HONDA INDIA PVT.LTD,SUZUKI-GE110,2,Non-Electric
2022,HONDA INDIA PVT.LTD,SUZUKI-SF-GIXXER,1,Non-Electric
2022,HONDA INDIA PVT.LTD,TVS NTORQ,1,Non-Electric
2022,HONDA INDIA PVT.LTD,X-BLADE-160CC,6,Non-Electric
2022,HONDA INDIA PVT.LTD,,4664,Non-Electric
2022,HONDA INDONESIA,,728,Non-Electric
2022,HONDA MOTOR CO. INDONESIA,,54,Non-Electric
2022,HONDA MOTOR CO. LTD. INDONESIA,,17,Non-Electric
2022,HONDA MOTORS,Accord,59,Non-Electric
2022,HONDA MOTORS,Accord Plug-in Hybrid,8,Non-Electric
2022,HONDA MOTORS,BR-V,52,Non-Electric
2022,HONDA MOTORS,Ballade,1,Non-Electric
2022,HONDA MOTORS,CR-V,348,Non-Electric
2022,HONDA MOTORS,City,94,Non-Electric
2022,HONDA MOTORS,Civic,99,Non-Electric
2022,HONDA MOTORS,Crider,1,Non-Electric
2022,HONDA MOTORS,Dream Neo/CD 110 Dream,2,Non-Electric
2022,HONDA MOTORS,Fit EV,2,Non-Electric
2022,HONDA MOTORS,Fit Hybrid,2,Non-Electric
2022,HONDA MOTORS,Fit Shuttle,1,Non-Electric
2022,HONDA MOTORS,Grace,49,Non-Electric
2022,HONDA MOTORS,HR-V,61,Non-Electric
2022,HONDA MOTORS,Honda CR-X,4,Non-Electric
2022,HONDA MOTORS,Hornet(CB250F),1,Non-Electric
2022,HONDA MOTORS,Land Cruiser Prado,1,Non-Electric
2022,HONDA MOTORS,Livo,1,Non-Electric
2022,HONDA MOTORS,Platina,1,Non-Electric
2022,HONDA MOTORS,Shine,3,Non-Electric
2022,HONDA MOTORS,Vezel,43,Non-Electric
2022,HONDA MOTORS,X BLADE,21,Non-Electric
2022,HONDA MOTORS,honda Z,1,Non-Electric
2022,HONDA MOTORS,,2220,Non-Electric
2022,HONDA SIEL CARS INDIA,,2,Non-Electric
2022,HONDA THAILAND,,136,Non-Electric
2022,HONDA VIETNAM,,3,Non-Electric
2022,HONGDU MOTOR CYCLE J.V. CO.,,1,Non-Electric
2022,HPM AUTO IND.LTD,,22,Non-Electric
2022,HYOSUNG MOTORS,,1,Non-Electric
2022,HYUNDAI MOTOR COMPANY,,123,Non-Electric
2022,HYUNDAI MOTOR INDIA LIMITED,,1,Non-Electric
2022,HYUNDAI MOTORS,,420,Non-Electric
2022,INDIA YAMAHA MOTORS PVT.LTD.,AD80S DELUXE,1,Non-Electric
2022,INDIA YAMAHA MOTORS PVT.LTD.,ALPHA,8,Non-Electric
2022,INDIA YAMAHA MOTORS PVT.LTD.,APACHE RTR 4V,2,Non-Electric
2022,INDIA YAMAHA MOTORS PVT.LTD.,BULLET,1,Non-Electric
2022,INDIA YAMAHA MOTORS PVT.LTD.,CHEETA,1,Non-Electric
2022,INDIA YAMAHA MOTORS PVT.LTD.,DIO-110CC,1,Non-Electric
2022,INDIA YAMAHA MOTORS PVT.LTD.,DISCOVER ES 125,3,Non-Electric
2022,INDIA YAMAHA MOTORS PVT.LTD.,Discover,2,Non-Electric
2022,INDIA YAMAHA MOTORS PVT.LTD.,FAZAR-V2-150CC,483,Non-Electric
2022,INDIA YAMAHA MOTORS PVT.LTD.,FAZER F1 V2.0,1464,Non-Electric
2022,INDIA YAMAHA MOTORS PVT.LTD.,FAZER FI V2.0 ,2,Non-Electric
2022,INDIA YAMAHA MOTORS PVT.LTD.,FS50,2,Non-Electric
2022,INDIA YAMAHA MOTORS PVT.LTD.,FZS DD,4790,Non-Electric
2022,INDIA YAMAHA MOTORS PVT.LTD.,FZS-V2-150CC,6,Non-Electric
2022,INDIA YAMAHA MOTORS PVT.LTD.,FZS-V3-150CC,3975,Non-Electric
2022,INDIA YAMAHA MOTORS PVT.LTD.,FZS600,6,Non-Electric
2022,INDIA YAMAHA MOTORS PVT.LTD.,GIXXER,1,Non-Electric
2022,INDIA YAMAHA MOTORS PVT.LTD.,GIXXER SF-GP-DD,1,Non-Electric
2022,INDIA YAMAHA MOTORS PVT.LTD.,GIXXER-DT-DD,1,Non-Electric
2022,INDIA YAMAHA MOTORS PVT.LTD.,GSX 125 ,1,Non-Electric
2022,INDIA YAMAHA MOTORS PVT.LTD.,HF DELUXE,1,Non-Electric
2022,INDIA YAMAHA MOTORS PVT.LTD.,HUNK,3,Non-Electric
2022,INDIA YAMAHA MOTORS PVT.LTD.,IGNITOR,1,Non-Electric
2022,INDIA YAMAHA MOTORS PVT.LTD.,MT-15-155CC,248,Non-Electric
2022,INDIA YAMAHA MOTORS PVT.LTD.,Pulsar,11,Non-Electric
2022,INDIA YAMAHA MOTORS PVT.LTD.,R15-V3-155CC,474,Non-Electric
2022,INDIA YAMAHA MOTORS PVT.LTD.,RAYZR-113CC,116,Non-Electric
2022,INDIA YAMAHA MOTORS PVT.LTD.,SALUTO,825,Non-Electric
2022,INDIA YAMAHA MOTORS PVT.LTD.,SALUTO-125CC,1,Non-Electric
2022,INDIA YAMAHA MOTORS PVT.LTD.,SPLENDOR PLUS ,5,Non-Electric
2022,INDIA YAMAHA MOTORS PVT.LTD.,SUZUKI-SF-GIXXER,4,Non-Electric
2022,INDIA YAMAHA MOTORS PVT.LTD.,SZRR(SE),12,Non-Electric
2022,INDIA YAMAHA MOTORS PVT.LTD.,TVS Wego,1,Non-Electric
2022,INDIA YAMAHA MOTORS PVT.LTD.,XSR-155CC,15,Non-Electric
2022,INDIA YAMAHA MOTORS PVT.LTD.,YAMAHA FZS,92,Non-Electric
2022,INDIA YAMAHA MOTORS PVT.LTD.,YAMAHA FZS V3.0 B8T200-010CMDPBM,504,Non-Electric
2022,INDIA YAMAHA MOTORS PVT.LTD.,,13927,Non-Electric
2022,INTTL(INTERNATIONAL) TRACTOR LTD.,,20,Non-Electric
2022,ISUZU MOTOR LIMITED,Bellel,1,Non-Electric
2022,ISUZU MOTOR LIMITED,CB SHINE,3,Non-Electric
2022,ISUZU MOTOR LIMITED,D-Max,2,Non-Electric
2022,ISUZU MOTOR LIMITED,ELF,2,Non-Electric
2022,ISUZU MOTOR LIMITED,GBX,2,Non-Electric
2022,ISUZU MOTOR LIMITED,Isuzu D-Max,8,Non-Electric
2022,ISUZU MOTOR LIMITED,Isuzu Mu-X,3,Non-Electric
2022,ISUZU MOTOR LIMITED,Isuzu Oasis,1,Non-Electric
2022,ISUZU MOTOR LIMITED,Isuzu Zaccar,1,Non-Electric
2022,ISUZU MOTOR LIMITED,,1062,Non-Electric
2022,JAGUAR,,1,Non-Electric
2022,JAINGMEN CITY DIHAO MCY CO.,,1,Non-Electric
2022,JAMUNA ELEC & AUTO LTD.,Discover,1,Non-Electric
2022,JAMUNA ELEC & AUTO LTD.,,64,Non-Electric
2022,JIALING INDUSTRIES COMPANY LTD,,1,Non-Electric
2022,JIANG BANGHE INDUSTRY & TRADE CO. LTD,,1,Non-Electric
2022,JIANGMEN BAOTIAN  MOTORCYCLE INDUSTRY CO.LTD.,,1,Non-Electric
2022,JIANGMEN DACHANGJIANG CO.,KA135,11,Non-Electric
2022,JIANGMEN DACHANGJIANG CO.,SALUTO-125CC,1,Non-Electric
2022,JIANGMEN DACHANGJIANG CO.,,144,Non-Electric
2022,JIANGMEN DSEHANGJIANG CO. CHINA,FZS-V3-150CC,1,Non-Electric
2022,JIANGMEN DSEHANGJIANG CO. CHINA,HAOJUE KA-135,3,Non-Electric
2022,JIANGMEN DSEHANGJIANG CO. CHINA,HAOJUE TR-150,1,Non-Electric
2022,JIANGMEN DSEHANGJIANG CO. CHINA,HAOJUE TZ-135,3,Non-Electric
2022,JIANGMEN DSEHANGJIANG CO. CHINA,,5,Non-Electric
2022,JIANGMEN HAOJUE I & E CO.,,41,Non-Electric
2022,JIANGMEN QINGQI HUANAN CO LTD.,,2,Non-Electric
2022,JIANGMEN SUZUKI MOTORS,,45,Non-Electric
2022,JIANGSU HONGDOU I & E CO. LTD.,,2,Non-Electric
2022,JIANGSU SUNWAY CO.CHINA,,1,Non-Electric
2022,JIANGXI CHANGHE CO.LTD.,,2,Non-Electric
2022,JIANGXI JIANGLING MOTORS IMPORT AND EXPORT CO.LTD.,,215,Non-Electric
2022,JINAN QINGQI SUZUKI MOTORCYCLE CO. LTD,,76,Non-Electric
2022,JINGZHOU MOTOR CYCLE CO.,,1,Non-Electric
2022,JS AUTO(P) LTD,,1,Non-Electric
2022,KAISER JEEP CORP.,,1,Non-Electric
2022,KAMAZ RUSSIAN FEDERATION,,2,Non-Electric
2022,KAWAI MOTOR IND. LTD. CHINA,,2,Non-Electric
2022,KAWASAKI,,1,Non-Electric
2022,KAWASAKI THAILAND,,1,Non-Electric
2022,KAWASAKI THAILAND CO.LTD.,,1,Non-Electric
2022,KAWASAKI. INDONESIA,,48,Non-Electric
2022,KIA MOTORS,,98,Non-Electric
2022,KIA MOTORS INDIA PRIVATE LTD.,,57,Non-Electric
2022,KINECTIC ENGINEERING LTD.,,2,Non-Electric
2022,KOBEL CO,,5,Non-Electric
2022,KOMATSU LTD.,,1,Non-Electric
2022,KRANTI AUTOMOBILES LTD.,,1,Non-Electric
2022,KTM INDIA,RC125CC,20,Non-Electric
2022,KTM INDIA,,192,Non-Electric
2022,LAND ROVER,,22,Non-Electric
2022,LIFAN,,20,Non-Electric
2022,LIFAN IND.QIPAI CHINA,,5,Non-Electric
2022,LIFENG GROUP CO.LTD.CHINA.,,18,Non-Electric
2022,LML LIMITED,SPLENDOR PLUS ,1,Non-Electric
2022,LML LIMITED,,11,Non-Electric
2022,LONCIN MOTOR CYCLE MANUFACTURING CO.LTD.,,1,Non-Electric
2022,LONCINE VICTOR,,1,Non-Electric
2022,LUOYANG NORTHERN EKCHOR,,247,Non-Electric
2022,M.M.C JAPAN,,43,Non-Electric
2022,M/S. ACI MOTORS LTD.,APACHE RTR 4V,2,Non-Electric
2022,M/S. ACI MOTORS LTD.,AVENGER 150,1,Non-Electric
2022,M/S. ACI MOTORS LTD.,BULLET,1,Non-Electric
2022,M/S. ACI MOTORS LTD.,Bajaj Qute,2,Non-Electric
2022,M/S. ACI MOTORS LTD.,CB HORNET 160R (DOUBLE DISC) 162.71CC ,1,Non-Electric
2022,M/S. ACI MOTORS LTD.,CB SHINE,4,Non-Electric
2022,M/S. ACI MOTORS LTD.,CHEETA,1,Non-Electric
2022,M/S. ACI MOTORS LTD.,DIO-110CC,1,Non-Electric
2022,M/S. ACI MOTORS LTD.,DISCOVER ES 125,6,Non-Electric
2022,M/S. ACI MOTORS LTD.,Discover,8,Non-Electric
2022,M/S. ACI MOTORS LTD.,FAZER,330,Non-Electric
2022,M/S. ACI MOTORS LTD.,FZS DD,1,Non-Electric
2022,M/S. ACI MOTORS LTD.,FZS-V2-150CC,8967,Non-Electric
2022,M/S. ACI MOTORS LTD.,FZS-V3-150CC,5864,Non-Electric
2022,M/S. ACI MOTORS LTD.,FZS600,2,Non-Electric
2022,M/S. ACI MOTORS LTD.,GE 110D,2,Non-Electric
2022,M/S. ACI MOTORS LTD.,GIXXER 5F,1,Non-Electric
2022,M/S. ACI MOTORS LTD.,HF DELUXE,1,Non-Electric
2022,M/S. ACI MOTORS LTD.,HUNK,1,Non-Electric
2022,M/S. ACI MOTORS LTD.,IGNITOR,2,Non-Electric
2022,M/S. ACI MOTORS LTD.,LIVO-DISC-110CC,1,Non-Electric
2022,M/S. ACI MOTORS LTD.,Pulsar,4,Non-Electric
2022,M/S. ACI MOTORS LTD.,SALUTO-125CC,1147,Non-Electric
2022,M/S. ACI MOTORS LTD.,SPLENDOR PLUS ,23,Non-Electric
2022,M/S. ACI MOTORS LTD.,SUZUKI-SF-GIXXER,9,Non-Electric
2022,M/S. ACI MOTORS LTD.,TVS METRO ES N,1,Non-Electric
2022,M/S. ACI MOTORS LTD.,TVS Wego,1,Non-Electric
2022,M/S. ACI MOTORS LTD.,X-BLADE-160CC,1,Non-Electric
2022,M/S. ACI MOTORS LTD.,,19247,Non-Electric
2022,M/S. KEYA MOTORS,,2,Non-Electric
2022,M/S. RANCON MOTORBIKES LTD. BANGLADESH,ACCESS-DISC,129,Non-Electric
2022,M/S. RANCON MOTORBIKES LTD. BANGLADESH,ACCESS-DRUM,5,Non-Electric
2022,M/S. RANCON MOTORBIKES LTD. BANGLADESH,APACHE RTR 160CC,1,Non-Electric
2022,M/S. RANCON MOTORBIKES LTD. BANGLADESH,APACHE RTR 4V,9,Non-Electric
2022,M/S. RANCON MOTORBIKES LTD. BANGLADESH,BANDIT,10,Non-Electric
2022,M/S. RANCON MOTORBIKES LTD. BANGLADESH,BANDIT DUEL CHANNEL ABS,21,Non-Electric
2022,M/S. RANCON MOTORBIKES LTD. BANGLADESH,BURGMAN,1,Non-Electric
2022,M/S. RANCON MOTORBIKES LTD. BANGLADESH,CB SHINE,1,Non-Electric
2022,M/S. RANCON MOTORBIKES LTD. BANGLADESH,DEAM NEO (110CC),1,Non-Electric
2022,M/S. RANCON MOTORBIKES LTD. BANGLADESH,DIO-110CC,1,Non-Electric
2022,M/S. RANCON MOTORBIKES LTD. BANGLADESH,Discover,11,Non-Electric
2022,M/S. RANCON MOTORBIKES LTD. BANGLADESH,FAZAR-V2-150CC,4,Non-Electric
2022,M/S. RANCON MOTORBIKES LTD. BANGLADESH,FZS-V3-150CC,1,Non-Electric
2022,M/S. RANCON MOTORBIKES LTD. BANGLADESH,GE 110D,2,Non-Electric
2022,M/S. RANCON MOTORBIKES LTD. BANGLADESH,GIXXER,3800,Non-Electric
2022,M/S. RANCON MOTORBIKES LTD. BANGLADESH,GIXXER 5F,7,Non-Electric
2022,M/S. RANCON MOTORBIKES LTD. BANGLADESH,GIXXER CARB-DISC,809,Non-Electric
2022,M/S. RANCON MOTORBIKES LTD. BANGLADESH,GIXXER FI-ABS,1077,Non-Electric
2022,M/S. RANCON MOTORBIKES LTD. BANGLADESH,GIXXER SF FI -ABS,1019,Non-Electric
2022,M/S. RANCON MOTORBIKES LTD. BANGLADESH,GIXXER SF-GP-DD,140,Non-Electric
2022,M/S. RANCON MOTORBIKES LTD. BANGLADESH,GIXXER SF-GP-DD-FI,55,Non-Electric
2022,M/S. RANCON MOTORBIKES LTD. BANGLADESH,GIXXER-DT-DD,86,Non-Electric
2022,M/S. RANCON MOTORBIKES LTD. BANGLADESH,GIXXERSF CARB-DISC,505,Non-Electric
2022,M/S. RANCON MOTORBIKES LTD. BANGLADESH,GSX 125 ,235,Non-Electric
2022,M/S. RANCON MOTORBIKES LTD. BANGLADESH,GSX-R DUEL CHANNEL ABS,147,Non-Electric
2022,M/S. RANCON MOTORBIKES LTD. BANGLADESH,GSXR 150,88,Non-Electric
2022,M/S. RANCON MOTORBIKES LTD. BANGLADESH,HAYATE-EP,628,Non-Electric
2022,M/S. RANCON MOTORBIKES LTD. BANGLADESH,INTRUDER-GLA- ABS,6,Non-Electric
2022,M/S. RANCON MOTORBIKES LTD. BANGLADESH,INTRUDER-RLA-FI ABS,19,Non-Electric
2022,M/S. RANCON MOTORBIKES LTD. BANGLADESH,LETS,3,Non-Electric
2022,M/S. RANCON MOTORBIKES LTD. BANGLADESH,METRO ES,2,Non-Electric
2022,M/S. RANCON MOTORBIKES LTD. BANGLADESH,Pulsar,4,Non-Electric
2022,M/S. RANCON MOTORBIKES LTD. BANGLADESH,R15-V3-155CC,1,Non-Electric
2022,M/S. RANCON MOTORBIKES LTD. BANGLADESH,SAMURAL 150,38,Non-Electric
2022,M/S. RANCON MOTORBIKES LTD. BANGLADESH,SUZUKI-GE110,172,Non-Electric
2022,M/S. RANCON MOTORBIKES LTD. BANGLADESH,SUZUKI-SF-GIXXER,10,Non-Electric
2022,M/S. RANCON MOTORBIKES LTD. BANGLADESH,TVS Wego,4,Non-Electric
2022,M/S. RANCON MOTORBIKES LTD. BANGLADESH,Tata 407,1,Non-Electric
2022,M/S. RANCON MOTORBIKES LTD. BANGLADESH,,19590,Non-Electric
2022,M/S. TRANS ASIA INDUSTRIES LTD.,CT 100,1,Non-Electric
2022,M/S. TRANS ASIA INDUSTRIES LTD.,DISCOVER ES 125,1,Non-Electric
2022,M/S. TRANS ASIA INDUSTRIES LTD.,DISCOVER125,446,Non-Electric
2022,M/S. TRANS ASIA INDUSTRIES LTD.,Discover,4,Non-Electric
2022,M/S. TRANS ASIA INDUSTRIES LTD.,METRO PLUS,1,Non-Electric
2022,M/S. TRANS ASIA INDUSTRIES LTD.,,2211,Non-Electric
2022,MAHINDRA & MAHINDRA,ARRO-XT,1,Non-Electric
2022,MAHINDRA & MAHINDRA,Discover,1,Non-Electric
2022,MAHINDRA & MAHINDRA,GUSTO,2,Non-Electric
2022,MAHINDRA & MAHINDRA,MAXXIMO PLUS VX,3,Non-Electric
2022,MAHINDRA & MAHINDRA,PS PICKUP- BS-III-2,11,Non-Electric
2022,MAHINDRA & MAHINDRA,Platina,1,Non-Electric
2022,MAHINDRA & MAHINDRA,Roxor,2,Non-Electric
2022,MAHINDRA & MAHINDRA,,1980,Non-Electric
2022,MAHINDRA TWO WHEELERS LTD,CENTURO 01,40,Non-Electric
2022,MAHINDRA TWO WHEELERS LTD,CENTURO DB,46,Non-Electric
2022,MAHINDRA TWO WHEELERS LTD,DIO-110CC,1,Non-Electric
2022,MAHINDRA TWO WHEELERS LTD,Roxor,2,Non-Electric
2022,MAHINDRA TWO WHEELERS LTD,SPLENDOR PLUS ,1,Non-Electric
2022,MAHINDRA TWO WHEELERS LTD,eVerito,1,Non-Electric
2022,MAHINDRA TWO WHEELERS LTD,,171,Non-Electric
2022,MAN,,3,Non-Electric
2022,MAN TRUCKS INDIA PVT. LTD,,14,Non-Electric
2022,MARUTI LTD.,,2,Non-Electric
2022,MARUTI SUZUKI  LTD.,,311,Non-Electric
2022,MASERATI,,2,Non-Electric
2022,MAZDA,Atenza,1,Non-Electric
2022,MAZDA,Axela,8,Non-Electric
2022,MAZDA,,140,Non-Electric
2022,MEMON MOTORS LTD,,1,Non-Electric
2022,MERCEDES,,29,Non-Electric
2022,MERCEDES-BENZ,,172,Non-Electric
2022,MERCEDES-BENZ,,56,Non-Electric
2022,MERCURY,,4,Non-Electric
2022,MESSY FERQUSEN,,1,Non-Electric
2022,MITSUBISHI FUSO TRUCK AND BUS CORP.,,124,Non-Electric
2022,MITSUBISHI M. CO. LTD.,APACHE RTR 4V,1,Non-Electric
2022,MITSUBISHI M. CO. LTD.,Colt T120SS,1,Non-Electric
2022,MITSUBISHI M. CO. LTD.,Eclipse,1,Non-Electric
2022,MITSUBISHI M. CO. LTD.,Eclipse Cross,104,Non-Electric
2022,MITSUBISHI M. CO. LTD.,Jeep,8,Non-Electric
2022,MITSUBISHI M. CO. LTD.,L100,1,Non-Electric
2022,MITSUBISHI M. CO. LTD.,L200,62,Non-Electric
2022,MITSUBISHI M. CO. LTD.,Mitsubshi 3000GT,3,Non-Electric
2022,MITSUBISHI M. CO. LTD.,Mitsubshi 360,19,Non-Electric
2022,MITSUBISHI M. CO. LTD.,Mitsubshi 500,1,Non-Electric
2022,MITSUBISHI M. CO. LTD.,Montero,3,Non-Electric
2022,MITSUBISHI M. CO. LTD.,Outlander,39,Non-Electric
2022,MITSUBISHI M. CO. LTD.,Pajero,6,Non-Electric
2022,MITSUBISHI M. CO. LTD.,Pajero Sport,9,Non-Electric
2022,MITSUBISHI M. CO. LTD.,Prius PHV,7,Non-Electric
2022,MITSUBISHI M. CO. LTD.,Xpander,84,Non-Electric
2022,MITSUBISHI M. CO. LTD.,,1918,Non-Electric
2022,N. J. AUTO IND. SUPER POWER,,1,Non-Electric
2022,N.I.SYNDICATE AUTO IND.,,7,Non-Electric
2022,NANHAI ZHONGMO CO.CHINA,,7,Non-Electric
2022,NAZA CORP. SDN BHD.,,1,Non-Electric
2022,"NEW GRAMEEN MOTORS, BD", ZAARA,109,Non-Electric
2022,"NEW GRAMEEN MOTORS, BD",150,85,Non-Electric
2022,"NEW GRAMEEN MOTORS, BD",APACHE RTR 4V,1,Non-Electric
2022,"NEW GRAMEEN MOTORS, BD",DD110-VX,44,Non-Electric
2022,"NEW GRAMEEN MOTORS, BD",DD125-6A,6,Non-Electric
2022,"NEW GRAMEEN MOTORS, BD",DD80H,34,Non-Electric
2022,"NEW GRAMEEN MOTORS, BD",DEAM NEO (110CC),1,Non-Electric
2022,"NEW GRAMEEN MOTORS, BD",GIXXER,1,Non-Electric
2022,"NEW GRAMEEN MOTORS, BD",GP (165CC),108,Non-Electric
2022,"NEW GRAMEEN MOTORS, BD",H 100C,29,Non-Electric
2022,"NEW GRAMEEN MOTORS, BD",H POWER,12,Non-Electric
2022,"NEW GRAMEEN MOTORS, BD",IGNITOR,1,Non-Electric
2022,"NEW GRAMEEN MOTORS, BD",Pulsar,1,Non-Electric
2022,"NEW GRAMEEN MOTORS, BD",TVS METRO ES N,1,Non-Electric
2022,"NEW GRAMEEN MOTORS, BD",V100 LINK,1,Non-Electric
2022,"NEW GRAMEEN MOTORS, BD",XL-100,1,Non-Electric
2022,"NEW GRAMEEN MOTORS, BD",ZAARA 110,197,Non-Electric
2022,"NEW GRAMEEN MOTORS, BD",,149,Non-Electric
2022,NEW HOLLAND TRACTORS CO. LTD.,,113,Non-Electric
2022,NINGBO LONGJIA M/C CO LTD,,1,Non-Electric
2022,NISSAN,Corolla Axio,1,Non-Electric
2022,NISSAN,Nissan Patrol,18,Non-Electric
2022,NISSAN,X-Trail,164,Non-Electric
2022,NISSAN,Xterra,1,Non-Electric
2022,NISSAN,,1491,Non-Electric
2022,NOOMA SCI AND TECH CO.LTD,,42,Non-Electric
2022,NOT AVAILABLE,,21,Non-Electric
2022,PAK SUZUKI MOTOR,,7,Non-Electric
2022,PANDH TRUCK-CRANE,,1,Non-Electric
2022,PERUSAHAAN OTOMOBIL NASIONAL BERHAD,,79,Non-Electric
2022,PEUGEOT MOTOR CO. FRANCE,,7,Non-Electric
2022,PIAGGIO FOSHAN M/C CHINA.,,8,Non-Electric
2022,PIAGGIO VEHICLES LTD.,,239,Non-Electric
2022,PIAGGIO VEHICLES LTD. INDIA.,VESPA VXL-125,9,Non-Electric
2022,PIAGGIO VEHICLES LTD. INDIA.,,41,Non-Electric
2022,PIAGGIO(VESPA),VESPA 150,3,Non-Electric
2022,PIAGGIO(VESPA),VESPA VXL-125,3,Non-Electric
2022,PIAGGIO(VESPA),,5,Non-Electric
2022,PIAGGO VECHILES PVT. LTD. INDIA,Discover,1,Non-Electric
2022,PIAGGO VECHILES PVT. LTD. INDIA,,486,Non-Electric
2022,PORSCHE,Porsche Cayenne  ,1,Non-Electric
2022,PORSCHE,,3,Non-Electric
2022,PREMIER LIMITED INDIA,,2,Non-Electric
2022,PROTON,,109,Non-Electric
2022,PROTON SAGA,,1,Non-Electric
2022,PT TVS MOTOR COMPANY INDONESIA LTD.,TURBO-125,1,Non-Electric
2022,PT TVS MOTOR COMPANY INDONESIA LTD.,X-BLADE-160CC,1,Non-Electric
2022,PT TVS MOTOR COMPANY INDONESIA LTD.,,934,Non-Electric
2022,"PT.SOKONINDO AUTOMOBILE, INDONESIA",,83,Non-Electric
2022,PUNJAB TRACTORS LTD.,,1,Non-Electric
2022,QIANJIANG MOTORS LTD,CB HORNET 160R (DOUBLE DISC) 162.71CC ,2,Non-Electric
2022,QIANJIANG MOTORS LTD,CT 100,1,Non-Electric
2022,QIANJIANG MOTORS LTD,Discover,1,Non-Electric
2022,QIANJIANG MOTORS LTD,Pulsar,1,Non-Electric
2022,QIANJIANG MOTORS LTD,RKS-100CC,30,Non-Electric
2022,QIANJIANG MOTORS LTD,RKS150,29,Non-Electric
2022,QIANJIANG MOTORS LTD,SALUTO-125CC,1,Non-Electric
2022,QIANJIANG MOTORS LTD,,295,Non-Electric
2022,QJIANG,,1,Non-Electric
2022,RAHUL COACH BUILDERS LTD,,3,Non-Electric
2022,RANGE ROVER,,17,Non-Electric
2022,RANGS MOTORCYCLE CO,,4,Non-Electric
2022,RENAULT,,8,Non-Electric
2022,RENAULT INDIA PVT LTD,,5,Non-Electric
2022,ROAD MASTER MOTORS,VELOCITY,38,Non-Electric
2022,ROAD MASTER MOTORS,,130,Non-Electric
2022,ROADMASTER MOTORS LTD,DELIGHT,14,Non-Electric
2022,ROADMASTER MOTORS LTD,Discover,1,Non-Electric
2022,ROADMASTER MOTORS LTD,PRIME-100,14,Non-Electric
2022,ROADMASTER MOTORS LTD,,105,Non-Electric
2022,ROLLS ROYCE,,3,Non-Electric
2022,RUNNER,AD80S DELUXE,1747,Non-Electric
2022,RUNNER,APACHE RTR 4V,4,Non-Electric
2022,RUNNER,Avenger,3,Non-Electric
2022,RUNNER,BULLET,400,Non-Electric
2022,RUNNER,CHEETA,221,Non-Electric
2022,RUNNER,DIO-110CC,1,Non-Electric
2022,RUNNER,Discover,6,Non-Electric
2022,RUNNER,F100-6A,112,Non-Electric
2022,RUNNER,IGNITOR,1,Non-Electric
2022,RUNNER,KITE RT,53,Non-Electric
2022,RUNNER,KITE+,420,Non-Electric
2022,RUNNER,Platina,2,Non-Electric
2022,RUNNER,RENEGADE SPORT,71,Non-Electric
2022,RUNNER,SUZUKI-SF-GIXXER,1,Non-Electric
2022,RUNNER,TURBO-125,750,Non-Electric
2022,RUNNER,X-BLADE-160CC,5,Non-Electric
2022,RUNNER,,10983,Non-Electric
2022,S AND T MOTORS CO. KOREA,,31,Non-Electric
2022,SAIC MOTOR CORPORATION LTD. CHINA,Corolla Axio,1,Non-Electric
2022,SAIC MOTOR CORPORATION LTD. CHINA,,309,Non-Electric
2022,SAME DEUTZ FAHR INDIA PVT.LTD,,9,Non-Electric
2022,SANY HEAVY INDUSTRY CO. LTD.,,61,Non-Electric
2022,SANYOU HODINGH GROUP YINYOU MOTORCYCLE CO. LTD.,,2,Non-Electric
2022,SCOOTERS INDIA LTD.,,1,Non-Electric
2022,SEEZA INT. CO. LTD. THAILAND,,1,Non-Electric
2022,SHAANXI CO.LTD.CHINA,,1,Non-Electric
2022,SHAMOL BANGLA AUTOS.,,1,Non-Electric
2022,SHANDONG JULI CO. LTD.,,3,Non-Electric
2022,SHANDONG KAMA DUMP TRUCK,,26,Non-Electric
2022,SHANDONG SHIFENG CO. LTD.,,1,Non-Electric
2022,SHANDONG TANGJUN OULING AUTOMOBILE MANUFA CO LTD C,,100,Non-Electric
2022,SHANGDONG KAMA AUTOMOBILE MANUFACTURING CO. LTD.,,100,Non-Electric
2022,SHANGHAI E.M.C.C.L,,1,Non-Electric
2022,SHENYANG JINBEI I/E CO. LTD.,,2,Non-Electric
2022,SHINERAY M/C CO. LTD,,1,Non-Electric
2022,SIAM GROUP CO.LTD. THAILAND.,,1,Non-Electric
2022,SINGER CHINA,,1,Non-Electric
2022,SINOTRUK IMP & EXP CO. LTD.,,62,Non-Electric
2022,SINOTRUK INTERNATIONAL,,61,Non-Electric
2022,SML ISUZU LTD,,57,Non-Electric
2022,SPEED MOTORS CONSORTIUM LTD.,,7,Non-Electric
2022,SUBARU,,43,Non-Electric
2022,SUINING DONGCHENG CAR CO. LTD,,2,Non-Electric
2022,SUNDIRO HONDA M/C CHINA.,,1,Non-Electric
2022,SUZUKI,Access 125,11,Non-Electric
2022,SUZUKI,Alto,2,Non-Electric
2022,SUZUKI,Discover,1,Non-Electric
2022,SUZUKI,FS50,2,Non-Electric
2022,SUZUKI,GE 110D,3,Non-Electric
2022,SUZUKI,GF 250,1,Non-Electric
2022,SUZUKI,GIXXER 5F,1,Non-Electric
2022,SUZUKI,GL-150,1,Non-Electric
2022,SUZUKI,GSX 150 Gixxer,169,Non-Electric
2022,SUZUKI,GSX 150F Gixxer SF,10,Non-Electric
2022,SUZUKI,GSX-R125,8,Non-Electric
2022,SUZUKI,GSX-R150,24,Non-Electric
2022,SUZUKI,SPLENDOR PLUS ,1,Non-Electric
2022,SUZUKI,Suzuki Lets,5,Non-Electric
2022,SUZUKI,Swift,1,Non-Electric
2022,SUZUKI,Swift+,1,Non-Electric
2022,SUZUKI,,2602,Non-Electric
2022,SUZUKI INDONESIA,GSXR 150,1,Non-Electric
2022,SUZUKI INDONESIA,SUZUKI-SF-GIXXER,2,Non-Electric
2022,SUZUKI INDONESIA,,830,Non-Electric
2022,SUZUKI M/C INDIA LTD,APACHE RTR 4V,16,Non-Electric
2022,SUZUKI M/C INDIA LTD,Avenger,2,Non-Electric
2022,SUZUKI M/C INDIA LTD,BULLET,1,Non-Electric
2022,SUZUKI M/C INDIA LTD,CB HORNET 160R (DOUBLE DISC) 162.71CC ,1,Non-Electric
2022,SUZUKI M/C INDIA LTD,CB SHINE,2,Non-Electric
2022,SUZUKI M/C INDIA LTD,DEAM NEO (110CC),2,Non-Electric
2022,SUZUKI M/C INDIA LTD,DIO-110CC,1,Non-Electric
2022,SUZUKI M/C INDIA LTD,Discover,13,Non-Electric
2022,SUZUKI M/C INDIA LTD,FAZAR-V2-150CC,4,Non-Electric
2022,SUZUKI M/C INDIA LTD,FZS DD,2,Non-Electric
2022,SUZUKI M/C INDIA LTD,FZS-V3-150CC,3,Non-Electric
2022,SUZUKI M/C INDIA LTD,GE 110D,48,Non-Electric
2022,SUZUKI M/C INDIA LTD,GE110,171,Non-Electric
2022,SUZUKI M/C INDIA LTD,GIXXER,11,Non-Electric
2022,SUZUKI M/C INDIA LTD,GIXXER 5F,726,Non-Electric
2022,SUZUKI M/C INDIA LTD,GIXXER-DT-DD,5,Non-Electric
2022,SUZUKI M/C INDIA LTD,GSXR 150,6,Non-Electric
2022,SUZUKI M/C INDIA LTD,HUNK,3,Non-Electric
2022,SUZUKI M/C INDIA LTD,IGNITOR,3,Non-Electric
2022,SUZUKI M/C INDIA LTD,METRO ES,4,Non-Electric
2022,SUZUKI M/C INDIA LTD,METRO PLUS,1,Non-Electric
2022,SUZUKI M/C INDIA LTD,PASSION XPRO,1,Non-Electric
2022,SUZUKI M/C INDIA LTD,Platina,4,Non-Electric
2022,SUZUKI M/C INDIA LTD,Pulsar,8,Non-Electric
2022,SUZUKI M/C INDIA LTD,SALUTO-125CC,2,Non-Electric
2022,SUZUKI M/C INDIA LTD,SPLENDOR PLUS ,6,Non-Electric
2022,SUZUKI M/C INDIA LTD,STRYKER,1,Non-Electric
2022,SUZUKI M/C INDIA LTD,SUZUKI-SF-GIXXER,1464,Non-Electric
2022,SUZUKI M/C INDIA LTD,TVS METRO ES N,2,Non-Electric
2022,SUZUKI M/C INDIA LTD,X-BLADE-160CC,2,Non-Electric
2022,SUZUKI M/C INDIA LTD,,14873,Non-Electric
2022,SUZUKI MOTOR CORP.THAILAND,,7,Non-Electric
2022,SUZUKU SAMURAI,,4,Non-Electric
2022,SWARAJ MAZDA LTD,SML SAMRAT XM,12,Non-Electric
2022,SWARAJ MAZDA LTD,,298,Non-Electric
2022,TADANO LTD. JAPAN,,18,Non-Electric
2022,TAFE LIMITED,,1030,Non-Electric
2022,TAIRA MOTOR CORPORATION,,1,Non-Electric
2022,TALBOT,,1,Non-Electric
2022,TATA,ACE EX2,114,Non-Electric
2022,TATA,APACHE RTR 4V,14,Non-Electric
2022,TATA,HUNK,1,Non-Electric
2022,TATA,LP 407,4,Non-Electric
2022,TATA,LP 709,7,Non-Electric
2022,TATA,LP 909,20,Non-Electric
2022,TATA,LPK 1615,2,Non-Electric
2022,TATA,LPK 2516,1,Non-Electric
2022,TATA,LPK 2518,35,Non-Electric
2022,TATA,LPO 1316,24,Non-Electric
2022,TATA,LPO 1512,1,Non-Electric
2022,TATA,LPO 1618,1,Non-Electric
2022,TATA,LPT 1010,1,Non-Electric
2022,TATA,LPT 1109,38,Non-Electric
2022,TATA,LPT 1212,21,Non-Electric
2022,TATA,LPT 1613,15,Non-Electric
2022,TATA,LPT 1615,13,Non-Electric
2022,TATA,LPT 2516 TC,1,Non-Electric
2022,TATA,LPT 3118,1,Non-Electric
2022,TATA,LPT 709,5,Non-Electric
2022,TATA,LPT 909,21,Non-Electric
2022,TATA,Super Ace,7,Non-Electric
2022,TATA,TATA,14,Non-Electric
2022,TATA,TATA 1109,48,Non-Electric
2022,TATA,TATA 2518C,2,Non-Electric
2022,TATA,TATA Ace,211,Non-Electric
2022,TATA,Tata 1210 LP,2,Non-Electric
2022,TATA,Tata 1515C,1,Non-Electric
2022,TATA,Tata 1613,5,Non-Electric
2022,TATA,Tata 1615,73,Non-Electric
2022,TATA,Tata 1615c,4,Non-Electric
2022,TATA,Tata 1616,4,Non-Electric
2022,TATA,Tata 1618c,27,Non-Electric
2022,TATA,Tata 207,46,Non-Electric
2022,TATA,Tata 2516c,7,Non-Electric
2022,TATA,Tata 2518c,4,Non-Electric
2022,TATA,Tata 407,6,Non-Electric
2022,TATA,Tata 407 Ex,20,Non-Electric
2022,TATA,Tata 407 Ex2,4,Non-Electric
2022,TATA,Tata 709 Ex,16,Non-Electric
2022,TATA,Tata 809 Ex2,3,Non-Electric
2022,TATA,Tata 909 Ex,5,Non-Electric
2022,TATA,Tata 909 Ex2,1,Non-Electric
2022,TATA,Tata LPTA 1615 TC,8,Non-Electric
2022,TATA,Tata TL,1,Non-Electric
2022,TATA,Tata Xenon,13,Non-Electric
2022,TATA,Telcoline,1,Non-Electric
2022,TATA,,10291,Non-Electric
2022,THAI SUZUKI MOTOR CO.LTD,,7,Non-Electric
2022,TIANJIN HONDA MOTORS LTD.,,1,Non-Electric
2022,TIBET NEW SUMMIT CO.CHINA.,,1,Non-Electric
2022,TOYO KOGYO,,9,Non-Electric
2022,TOYOTA M. CROP.,1NZ,1,Non-Electric
2022,TOYOTA M. CROP.,AC ,1,Non-Electric
2022,TOYOTA M. CROP.,Allion,126,Non-Electric
2022,TOYOTA M. CROP.,Alphard,6,Non-Electric
2022,TOYOTA M. CROP.,Auris,2,Non-Electric
2022,TOYOTA M. CROP.,Avanza,9,Non-Electric
2022,TOYOTA M. CROP.,C-HR,124,Non-Electric
2022,TOYOTA M. CROP.,Camry,2,Non-Electric
2022,TOYOTA M. CROP.,Civic,1,Non-Electric
2022,TOYOTA M. CROP.,Coaster,25,Non-Electric
2022,TOYOTA M. CROP.,Corolla,78,Non-Electric
2022,TOYOTA M. CROP.,Corolla Axio,695,Non-Electric
2022,TOYOTA M. CROP.,Corolla Fielder,187,Non-Electric
2022,TOYOTA M. CROP.,Corolla Spacio ,2,Non-Electric
2022,TOYOTA M. CROP.,Crown,12,Non-Electric
2022,TOYOTA M. CROP.,Esquire,191,Non-Electric
2022,TOYOTA M. CROP.,"Etios Liva, Etios Cross",8,Non-Electric
2022,TOYOTA M. CROP.,Fortuner,1,Non-Electric
2022,TOYOTA M. CROP.,Grand Hiace ,3,Non-Electric
2022,TOYOTA M. CROP.,Harrier,148,Non-Electric
2022,TOYOTA M. CROP.,Hiace,378,Non-Electric
2022,TOYOTA M. CROP.,Highander,3,Non-Electric
2022,TOYOTA M. CROP.,Hilux,14,Non-Electric
2022,TOYOTA M. CROP.,Land Cruiser,13,Non-Electric
2022,TOYOTA M. CROP.,Land Cruiser Prado,61,Non-Electric
2022,TOYOTA M. CROP.,Lexcen ,3,Non-Electric
2022,TOYOTA M. CROP.,Noah,226,Non-Electric
2022,TOYOTA M. CROP.,Pickup ,2,Non-Electric
2022,TOYOTA M. CROP.,Premio,339,Non-Electric
2022,TOYOTA M. CROP.,Previa,2,Non-Electric
2022,TOYOTA M. CROP.,Prius,159,Non-Electric
2022,TOYOTA M. CROP.,Prius PHV,7,Non-Electric
2022,TOYOTA M. CROP.,Prius V,1,Non-Electric
2022,TOYOTA M. CROP.,ProAce ,3,Non-Electric
2022,TOYOTA M. CROP.,Probox Van,3,Non-Electric
2022,TOYOTA M. CROP.,RAV4,13,Non-Electric
2022,TOYOTA M. CROP.,Raum,1,Non-Electric
2022,TOYOTA M. CROP.,Regiusace,3,Non-Electric
2022,TOYOTA M. CROP.,Roomy ,1,Non-Electric
2022,TOYOTA M. CROP.,Rush,72,Non-Electric
2022,TOYOTA M. CROP.,Sequoia,2,Non-Electric
2022,TOYOTA M. CROP.,Sienta,22,Non-Electric
2022,TOYOTA M. CROP.,Succeed Van,3,Non-Electric
2022,TOYOTA M. CROP.,T-18 ,1,Non-Electric
2022,TOYOTA M. CROP.,TOYOTA PRIUS ALPHA,7,Non-Electric
2022,TOYOTA M. CROP.,Townace,3,Non-Electric
2022,TOYOTA M. CROP.,Toyoace,1,Non-Electric
2022,TOYOTA M. CROP.,Vellfire,1,Non-Electric
2022,TOYOTA M. CROP.,Vitz,4,Non-Electric
2022,TOYOTA M. CROP.,Voxy,26,Non-Electric
2022,TOYOTA M. CROP.,Yaris,7,Non-Electric
2022,TOYOTA M. CROP.,ist,1,Non-Electric
2022,TOYOTA M. CROP.,,24468,Non-Electric
2022,TVS AUTO BANGLADESH LTD., ZAARA,1,Non-Electric
2022,TVS AUTO BANGLADESH LTD.,APACHE RTR 160CC,1467,Non-Electric
2022,TVS AUTO BANGLADESH LTD.,APACHE RTR 4V,2694,Non-Electric
2022,TVS AUTO BANGLADESH LTD.,CB HORNET 160R (DOUBLE DISC) 162.71CC ,1,Non-Electric
2022,TVS AUTO BANGLADESH LTD.,DIO-110CC,2,Non-Electric
2022,TVS AUTO BANGLADESH LTD.,Discover,7,Non-Electric
2022,TVS AUTO BANGLADESH LTD.,FZS-V3-150CC,1,Non-Electric
2022,TVS AUTO BANGLADESH LTD.,GIXXER 5F,3,Non-Electric
2022,TVS AUTO BANGLADESH LTD.,GIXXER-DT-DD,2,Non-Electric
2022,TVS AUTO BANGLADESH LTD.,HF DELUXE,2,Non-Electric
2022,TVS AUTO BANGLADESH LTD.,IGNITOR,2,Non-Electric
2022,TVS AUTO BANGLADESH LTD.,KITE+,2,Non-Electric
2022,TVS AUTO BANGLADESH LTD.,METRO ES,1,Non-Electric
2022,TVS AUTO BANGLADESH LTD.,METRO PLUS,2,Non-Electric
2022,TVS AUTO BANGLADESH LTD.,Platina,9,Non-Electric
2022,TVS AUTO BANGLADESH LTD.,Pulsar,5,Non-Electric
2022,TVS AUTO BANGLADESH LTD.,RADEON,381,Non-Electric
2022,TVS AUTO BANGLADESH LTD.,SALUTO,1,Non-Electric
2022,TVS AUTO BANGLADESH LTD.,SPLENDOR PLUS ,3,Non-Electric
2022,TVS AUTO BANGLADESH LTD.,STRYKER,1,Non-Electric
2022,TVS AUTO BANGLADESH LTD.,SUZUKI-SF-GIXXER,2,Non-Electric
2022,TVS AUTO BANGLADESH LTD.,TVS APACHE RTR,1,Non-Electric
2022,TVS AUTO BANGLADESH LTD.,TVS METRO ES N,1167,Non-Electric
2022,TVS AUTO BANGLADESH LTD.,TVS METRO PLUS DISC,1318,Non-Electric
2022,TVS AUTO BANGLADESH LTD.,TVS NTORQ,1,Non-Electric
2022,TVS AUTO BANGLADESH LTD.,TVS STR YKER,2047,Non-Electric
2022,TVS AUTO BANGLADESH LTD.,TVS Wego,1,Non-Electric
2022,TVS AUTO BANGLADESH LTD.,X-BLADE-160CC,1,Non-Electric
2022,TVS AUTO BANGLADESH LTD.,XL 100CC,347,Non-Electric
2022,TVS AUTO BANGLADESH LTD.,,16253,Non-Electric
2022,TVS MOTOR COMPANY LIMITED,AD80S DELUXE,1,Non-Electric
2022,TVS MOTOR COMPANY LIMITED,APACHE RTR 160CC,5,Non-Electric
2022,TVS MOTOR COMPANY LIMITED,APACHE RTR 4V,5569,Non-Electric
2022,TVS MOTOR COMPANY LIMITED,Avenger,2,Non-Electric
2022,TVS MOTOR COMPANY LIMITED,CB HORNET 160R (DOUBLE DISC) 162.71CC ,3,Non-Electric
2022,TVS MOTOR COMPANY LIMITED,CB SHINE,6,Non-Electric
2022,TVS MOTOR COMPANY LIMITED,CHEETA,1,Non-Electric
2022,TVS MOTOR COMPANY LIMITED,CT 100,2,Non-Electric
2022,TVS MOTOR COMPANY LIMITED,DEAM NEO (110CC),1,Non-Electric
2022,TVS MOTOR COMPANY LIMITED,DIO-110CC,8,Non-Electric
2022,TVS MOTOR COMPANY LIMITED,DISCOVER,1,Non-Electric
2022,TVS MOTOR COMPANY LIMITED,DREAM NEO-110CC,1,Non-Electric
2022,TVS MOTOR COMPANY LIMITED,Discover,36,Non-Electric
2022,TVS MOTOR COMPANY LIMITED,FAZAR-V2-150CC,1,Non-Electric
2022,TVS MOTOR COMPANY LIMITED,FAZER FI V2.0 ,1,Non-Electric
2022,TVS MOTOR COMPANY LIMITED,FZS-V3-150CC,5,Non-Electric
2022,TVS MOTOR COMPANY LIMITED,GE110,1,Non-Electric
2022,TVS MOTOR COMPANY LIMITED,GIXXER,1,Non-Electric
2022,TVS MOTOR COMPANY LIMITED,GIXXER 5F,7,Non-Electric
2022,TVS MOTOR COMPANY LIMITED,GIXXER SF-GP-DD,3,Non-Electric
2022,TVS MOTOR COMPANY LIMITED,GIXXER-DT-DD,1,Non-Electric
2022,TVS MOTOR COMPANY LIMITED,H 100C,1,Non-Electric
2022,TVS MOTOR COMPANY LIMITED,HF DELUXE,3,Non-Electric
2022,TVS MOTOR COMPANY LIMITED,HUNK,4,Non-Electric
2022,TVS MOTOR COMPANY LIMITED,IGNITOR,8,Non-Electric
2022,TVS MOTOR COMPANY LIMITED,JUPITER,20,Non-Electric
2022,TVS MOTOR COMPANY LIMITED,KITE+,2,Non-Electric
2022,TVS MOTOR COMPANY LIMITED,METRO ES,2063,Non-Electric
2022,TVS MOTOR COMPANY LIMITED,METRO PLUS,4304,Non-Electric
2022,TVS MOTOR COMPANY LIMITED,PLEASURE,4,Non-Electric
2022,TVS MOTOR COMPANY LIMITED,Platina,9,Non-Electric
2022,TVS MOTOR COMPANY LIMITED,Pulsar,16,Non-Electric
2022,TVS MOTOR COMPANY LIMITED,RADEON,641,Non-Electric
2022,TVS MOTOR COMPANY LIMITED,SALUTO,1,Non-Electric
2022,TVS MOTOR COMPANY LIMITED,SALUTO-125CC,1,Non-Electric
2022,TVS MOTOR COMPANY LIMITED,SPLENDOR PLUS ,16,Non-Electric
2022,TVS MOTOR COMPANY LIMITED,STRYKER,3491,Non-Electric
2022,TVS MOTOR COMPANY LIMITED,SUZUKI-SF-GIXXER,2,Non-Electric
2022,TVS MOTOR COMPANY LIMITED,TURBO-125,2,Non-Electric
2022,TVS MOTOR COMPANY LIMITED,TVS APACHE RTR,4093,Non-Electric
2022,TVS MOTOR COMPANY LIMITED,TVS METRO ES N,1,Non-Electric
2022,TVS MOTOR COMPANY LIMITED,TVS NTORQ,836,Non-Electric
2022,TVS MOTOR COMPANY LIMITED,TVS STR YKER,1,Non-Electric
2022,TVS MOTOR COMPANY LIMITED,TVS Scooty,10,Non-Electric
2022,TVS MOTOR COMPANY LIMITED,TVS Wego,231,Non-Electric
2022,TVS MOTOR COMPANY LIMITED,X-BLADE-160CC,6,Non-Electric
2022,TVS MOTOR COMPANY LIMITED,XL 100CC,1,Non-Electric
2022,TVS MOTOR COMPANY LIMITED,XL-100,614,Non-Electric
2022,TVS MOTOR COMPANY LIMITED,,24472,Non-Electric
2022,TVS SUZUKI LIMITED,HF DELUXE,1,Non-Electric
2022,TVS SUZUKI LIMITED,,27,Non-Electric
2022,TVS VICTOR,Discover,1,Non-Electric
2022,TVS VICTOR,,4,Non-Electric
2022,TVS.KING MOTOR CO.LTD,,4,Non-Electric
2022,"TAIZHOU GUSITE MOTOR CO.,LTD.CN.",,2,Non-Electric
2022,URAL INDIA LTD.,,1,Non-Electric
2022,VOLKSWAGEN,,4,Non-Electric
2022,VOLVO,,4,Non-Electric
2022,WALTON HI-TEC IND. BD. LTD.,,19,Non-Electric
2022,WALTON HI-TEC INDUSTRIES LTD,LEO+,9,Non-Electric
2022,WALTON HI-TEC INDUSTRIES LTD,,37,Non-Electric
2022,WUXI FEIHAO INTL TRADE LTD,,189,Non-Electric
2022,WUYANG HONDA MOTORS(GUANGZHOU) CO.LTD,WY 125-E,2,Non-Electric
2022,WUYANG HONDA MOTORS(GUANGZHOU) CO.LTD,,13,Non-Electric
2022,XIAMEN GOLDEN DRAGON BUS CO.,,1,Non-Electric
2022,XIAMEN XIASHING M/C CO. LTD,,34,Non-Electric
2022,XUZHOU CONSTRUCTION CO.,,1,Non-Electric
2022,XUZHOU MACHINERY CO. LTD. CN.,,2,Non-Electric
2022,"YAHAO MOTORCYCLE INDUSTRIAL DEVELOPMENT, COM.",,75,Non-Electric
2022,YAMAHA,FAZER,5,Non-Electric
2022,YAMAHA,FZ1/FZ6,1,Non-Electric
2022,YAMAHA,FZS600,20,Non-Electric
2022,YAMAHA,GIXXER,1,Non-Electric
2022,YAMAHA,MT-01,1,Non-Electric
2022,YAMAHA,R15 VERSION 3.0,18,Non-Electric
2022,YAMAHA,RD250,1,Non-Electric
2022,YAMAHA, XS400/ XS650 / XS850 / XS Eleven,1,Non-Electric
2022,YAMAHA,,3394,Non-Electric
2022,YAMAHA ESCORTS LTD.,,1,Non-Electric
2022,YAMAHA INDONESIA,LIVO-DISC-110CC,1,Non-Electric
2022,YAMAHA INDONESIA,,3788,Non-Electric
2022,YAMAHA MOTOR CO. LTD. THAILAND,R15,5,Non-Electric
2022,YAMAHA MOTOR CO. LTD. THAILAND,,161,Non-Electric
2022,YAMAHA MOTOR CO.LTD,RADEON,1,Non-Electric
2022,YAMAHA MOTOR CO.LTD,,249,Non-Electric
2022,YAMAHA MOTOR INDIA PVT.LTD.,APACHE RTR 160CC,1,Non-Electric
2022,YAMAHA MOTOR INDIA PVT.LTD.,APACHE RTR 4V,1,Non-Electric
2022,YAMAHA MOTOR INDIA PVT.LTD.,CB SHINE,1,Non-Electric
2022,YAMAHA MOTOR INDIA PVT.LTD.,Discover,3,Non-Electric
2022,YAMAHA MOTOR INDIA PVT.LTD.,FAZER FI V2.0 ,91,Non-Electric
2022,YAMAHA MOTOR INDIA PVT.LTD.,FZS-V2-150CC,4,Non-Electric
2022,YAMAHA MOTOR INDIA PVT.LTD.,HF DELUXE,1,Non-Electric
2022,YAMAHA MOTOR INDIA PVT.LTD.,RADEON,1,Non-Electric
2022,YAMAHA MOTOR INDIA PVT.LTD.,,3124,Non-Electric
2022,YAMASAKI M/C CO. LTD,Discover,2,Non-Electric
2022,YAMASAKI M/C CO. LTD,FZS-V3-150CC,1,Non-Electric
2022,YAMASAKI M/C CO. LTD,,19,Non-Electric
2022,YUEJIN MOTOR CORPORATION,,1,Non-Electric
2022,YUTONG BUS CO. LTD.,,1,Non-Electric
2022,ZAIMA MOTOR CO.,,2,Non-Electric
2022,ZANGCHENG FREEDOM M/C,,3,Non-Electric
2022,ZENGCHENG HAILI AZUBA CHINA,,1,Non-Electric
2022,ZENGCHENG HAILI M/C CO.LTD.,,2,Non-Electric
2022,"ZHEJAING JIAJUE MOTOR CO, LTD. CHINA.",,3,Non-Electric
2022,ZHEJIANG CFMOTO CO.LTD.,,31,Non-Electric
2022,ZHEJIANG GEELY MING IND.CO.LTD,,15,Non-Electric
2022,ZHEJIANG HAOQING MC. CO.,,2,Non-Electric
2022,ZHEJIANG HEALTH PHONIX CO.,,5,Non-Electric
2022,ZHEJIANG JIAJUE M/C CO. LTD,,4,Non-Electric
2022,ZHEJIANG JIAJUE MOTORCYCLE MANUFACTURING CO. LTD,,3,Non-Electric
2022,ZHEJIANG KAIKAI MEIDUO CO.,,16,Non-Electric
2022,ZHEJIANG ZHONGNENG CO. LTD,,47,Non-Electric
2022,ZHENGZHOU DONGFENG CO LTD,,105,Non-Electric
2022,ZHENGZHOW NISSAN CO. CHAINA,,2,Non-Electric
2022,ZONGSHEN AUTO INS. CO.,CB SHINE,1,Non-Electric
2022,ZONGSHEN AUTO INS. CO.,,21,Non-Electric
2022,ZONGSHEN GRP I/E CORP CHINA,ZS 80,4,Non-Electric
2022,ZONGSHEN GRP I/E CORP CHINA,,11,Non-Electric
2022,ZONGSHEN IND. GRP.MFG.CO.,,3,Non-Electric
2022,ZOOMLION HEAVY IND.SCI AND TECH. CO. LTD,,1,Non-Electric
2022,ZOOMLION INTL TRADING CO.LTD,,2,Non-Electric
2022,"ZHEJIANG CHUANGTAI M/C CO., LTD.",GP-1,12,Non-Electric
2022,"ZHEJIANG CHUANGTAI M/C CO., LTD.",,181,Non-Electric
2022,ZONGSHEN PIAGGIO FOSHAN MOTORCYCLE CO. LTD. CHINA,,22,Non-Electric
2023,(M/S RASEL INDUSTRIES LTD.BANGLADESH.),DIO-110CC,1,Non-Electric
2023,(M/S RASEL INDUSTRIES LTD.BANGLADESH.),V80XPRESS,37,Non-Electric
2023,(M/S RASEL INDUSTRIES LTD.BANGLADESH.),,443,Non-Electric
2023,5R MOTORS SIFANG CHINA,,2,Non-Electric
2023,A.P HONDA THAILAND,,5,Non-Electric
2023,ADOM MOTORS CO.LTD,,1,Non-Electric
2023,AFTAB AUTOMOBILES LTD.,,67,Non-Electric
2023,AMBASSADOR,,1,Non-Electric
2023,ANHUI ANKAI AUTOMOBILE CO.,,2,Non-Electric
2023,ANHUI JIANGHUAI AUTOMOBILE CO LTD,HFC1042KD,33,Non-Electric
2023,ANHUI JIANGHUAI AUTOMOBILE CO LTD,,137,Non-Electric
2023,APRILIA ITALY,,3,Non-Electric
2023,ARD EXIM INDIA,,1,Non-Electric
2023,ASHOKE LEYLAND,12M,1,Non-Electric
2023,ASHOKE LEYLAND,12M FESLF,1,Non-Electric
2023,ASHOKE LEYLAND,1616IL,4,Non-Electric
2023,ASHOKE LEYLAND,1618,5,Non-Electric
2023,ASHOKE LEYLAND,B-1212,11,Non-Electric
2023,ASHOKE LEYLAND,B-1616,10,Non-Electric
2023,ASHOKE LEYLAND,B-1818,4,Non-Electric
2023,ASHOKE LEYLAND,B1818,1,Non-Electric
2023,ASHOKE LEYLAND,DOST FS BS3,1,Non-Electric
2023,ASHOKE LEYLAND,ECOMET-1012,1,Non-Electric
2023,ASHOKE LEYLAND,ECOMET-1212,1,Non-Electric
2023,ASHOKE LEYLAND,ECOMET-1212IL,7,Non-Electric
2023,ASHOKE LEYLAND,ECOMET-1214XL,10,Non-Electric
2023,ASHOKE LEYLAND,Eagle,1,Non-Electric
2023,ASHOKE LEYLAND,Ecomet,1,Non-Electric
2023,ASHOKE LEYLAND,MITR,1,Non-Electric
2023,ASHOKE LEYLAND,PARTNER-2820,2,Non-Electric
2023,ASHOKE LEYLAND,STAG 1012,3,Non-Electric
2023,ASHOKE LEYLAND,STAG 1212,3,Non-Electric
2023,ASHOKE LEYLAND,,3165,Non-Electric
2023,ASIA MOTOR WORKS LTD.,,1,Non-Electric
2023,ATLAS BANGLADESH LTD.,CD-DAWN (STD),2,Non-Electric
2023,ATLAS BANGLADESH LTD.,GLAMOUR,1,Non-Electric
2023,ATLAS BANGLADESH LTD.,HUNK,2,Non-Electric
2023,ATLAS BANGLADESH LTD.,PASSION PRO,2,Non-Electric
2023,ATLAS BANGLADESH LTD.,SUPER SPLENDOR,6,Non-Electric
2023,ATLAS BANGLADESH LTD.,,22,Non-Electric
2023,ATLAS HONDA LTD.,,8,Non-Electric
2023,ATUL AUTO LTD.,,16,Non-Electric
2023,AUDI,,27,Non-Electric
2023,"BAIC INTERNATIONAL DEVELOPMENT CO.LTD,CHINA.",,26,Non-Electric
2023,"BAJAJ AUTO LIMITED, INDIA",AD80S DELUXE,1,Non-Electric
2023,"BAJAJ AUTO LIMITED, INDIA",Bajaj Qute,1,Non-Electric
2023,"BAJAJ AUTO LIMITED, INDIA",CT100,35,Non-Electric
2023,"BAJAJ AUTO LIMITED, INDIA",DISCOVER ES 125,488,Non-Electric
2023,"BAJAJ AUTO LIMITED, INDIA",Discover,2,Non-Electric
2023,"BAJAJ AUTO LIMITED, INDIA",FZS DD,1,Non-Electric
2023,"BAJAJ AUTO LIMITED, INDIA",GIXXER-DT-DD,1,Non-Electric
2023,"BAJAJ AUTO LIMITED, INDIA",Pulsar,3,Non-Electric
2023,"BAJAJ AUTO LIMITED, INDIA",,12867,Non-Electric
2023,BAJAJ AUTO LTD.INDIA,AD80S DELUXE,1,Non-Electric
2023,BAJAJ AUTO LTD.INDIA,APACHE RTR 4V,2,Non-Electric
2023,BAJAJ AUTO LTD.INDIA,AVENGER 150,3,Non-Electric
2023,BAJAJ AUTO LTD.INDIA,AVENGER 160,118,Non-Electric
2023,BAJAJ AUTO LTD.INDIA,Avenger,272,Non-Electric
2023,BAJAJ AUTO LTD.INDIA,BAJAJ CHETAK SCOOTER,4,Non-Electric
2023,BAJAJ AUTO LTD.INDIA,Bajaj Qute,166,Non-Electric
2023,BAJAJ AUTO LTD.INDIA,Bajaj RE60,948,Non-Electric
2023,BAJAJ AUTO LTD.INDIA,CT 100,816,Non-Electric
2023,BAJAJ AUTO LTD.INDIA,DIO-110CC,1,Non-Electric
2023,BAJAJ AUTO LTD.INDIA,DISCOVER,1590,Non-Electric
2023,BAJAJ AUTO LTD.INDIA,DISCOVER ES 125,1,Non-Electric
2023,BAJAJ AUTO LTD.INDIA,Discover,21232,Non-Electric
2023,BAJAJ AUTO LTD.INDIA,Dominar,17,Non-Electric
2023,BAJAJ AUTO LTD.INDIA,FAZAR-V2-150CC,1,Non-Electric
2023,BAJAJ AUTO LTD.INDIA,FZS-V3-150CC,1,Non-Electric
2023,BAJAJ AUTO LTD.INDIA,GIXXER,3,Non-Electric
2023,BAJAJ AUTO LTD.INDIA,GIXXER-DT-DD,4,Non-Electric
2023,BAJAJ AUTO LTD.INDIA,IGNITOR,1,Non-Electric
2023,BAJAJ AUTO LTD.INDIA,LIVO,1,Non-Electric
2023,BAJAJ AUTO LTD.INDIA,LIVO-DRUM-110CC,1,Non-Electric
2023,BAJAJ AUTO LTD.INDIA,PULSAR AS,15,Non-Electric
2023,BAJAJ AUTO LTD.INDIA,PULSAR NEON,37,Non-Electric
2023,BAJAJ AUTO LTD.INDIA,PULSAR NS,382,Non-Electric
2023,BAJAJ AUTO LTD.INDIA,PULSAR SD,2497,Non-Electric
2023,BAJAJ AUTO LTD.INDIA,PULSAR TD,1760,Non-Electric
2023,BAJAJ AUTO LTD.INDIA,Platina,3279,Non-Electric
2023,BAJAJ AUTO LTD.INDIA,Pulsar,12751,Non-Electric
2023,BAJAJ AUTO LTD.INDIA,SALUTO-125CC,1,Non-Electric
2023,BAJAJ AUTO LTD.INDIA,STRYKER,1,Non-Electric
2023,BAJAJ AUTO LTD.INDIA,SUZUKI-SF-GIXXER,1,Non-Electric
2023,BAJAJ AUTO LTD.INDIA,TVS METRO ES N,2,Non-Electric
2023,BAJAJ AUTO LTD.INDIA,TVS NTORQ,2,Non-Electric
2023,BAJAJ AUTO LTD.INDIA,V 15,10,Non-Electric
2023,BAJAJ AUTO LTD.INDIA,X-BLADE-160CC,2,Non-Electric
2023,BAJAJ AUTO LTD.INDIA,,27840,Non-Electric
2023,BANGLADESH HONDA PRIVATE LTD.,CB HORNET 160R (DOUBLE DISC) 162.71CC ,1036,Non-Electric
2023,BANGLADESH HONDA PRIVATE LTD.,CB SHINE,455,Non-Electric
2023,BANGLADESH HONDA PRIVATE LTD.,CB TRIGGER (STD),50,Non-Electric
2023,BANGLADESH HONDA PRIVATE LTD.,CB-SHINE-SP-125CC,3566,Non-Electric
2023,BANGLADESH HONDA PRIVATE LTD.,CBR-150RAK,61,Non-Electric
2023,BANGLADESH HONDA PRIVATE LTD.,CD 80,9,Non-Electric
2023,BANGLADESH HONDA PRIVATE LTD.,DEAM NEO (110CC),453,Non-Electric
2023,BANGLADESH HONDA PRIVATE LTD.,DIO(STD),23,Non-Electric
2023,BANGLADESH HONDA PRIVATE LTD.,DIO-110CC,259,Non-Electric
2023,BANGLADESH HONDA PRIVATE LTD.,DREAM NEO-110CC,197,Non-Electric
2023,BANGLADESH HONDA PRIVATE LTD.,DREAM-110CC,4051,Non-Electric
2023,BANGLADESH HONDA PRIVATE LTD.,Discover,2,Non-Electric
2023,BANGLADESH HONDA PRIVATE LTD.,Dominar,1,Non-Electric
2023,BANGLADESH HONDA PRIVATE LTD.,GIXXER,2,Non-Electric
2023,BANGLADESH HONDA PRIVATE LTD.,IGNITOR,1,Non-Electric
2023,BANGLADESH HONDA PRIVATE LTD.,LIVO,60,Non-Electric
2023,BANGLADESH HONDA PRIVATE LTD.,LIVO-DISC-110CC,3261,Non-Electric
2023,BANGLADESH HONDA PRIVATE LTD.,LIVO-DRUM-110CC,628,Non-Electric
2023,BANGLADESH HONDA PRIVATE LTD.,STRYKER,2,Non-Electric
2023,BANGLADESH HONDA PRIVATE LTD.,TVS APACHE RTR,1,Non-Electric
2023,BANGLADESH HONDA PRIVATE LTD.,TVS METRO ES N,1,Non-Electric
2023,BANGLADESH HONDA PRIVATE LTD.,TVS NTORQ,1,Non-Electric
2023,BANGLADESH HONDA PRIVATE LTD.,TVS STR YKER,1,Non-Electric
2023,BANGLADESH HONDA PRIVATE LTD.,X-BLADE-160CC,5017,Non-Electric
2023,BANGLADESH HONDA PRIVATE LTD.,XL 100CC,2,Non-Electric
2023,BANGLADESH HONDA PRIVATE LTD.,,13447,Non-Electric
2023,BANGLORY INTL. LTD,,1,Non-Electric
2023,BEIQI FOTON MOTOR CO. LTD.,,834,Non-Electric
2023,BENTLEY,,13,Non-Electric
2023,BHAGYANAGAR CHEETAH INDIA,,1,Non-Electric
2023,BMW,BMW 331 ,2,Non-Electric
2023,BMW,,99,Non-Electric
2023,BRILLIANCE SHINERAY CO.LTD.,,3,Non-Electric
2023,CADILAC,,1,Non-Electric
2023,CHANGAN INTER:CORPO:CHINA,,3,Non-Electric
2023,CHANGSHA FOTON CO. LTD,,95,Non-Electric
2023,CHANGSHA OCEAN AUTOMOBILES LTD.,,3,Non-Electric
2023,CHANGXHOU VEHICLE CO.,,4,Non-Electric
2023,CHANGZHOU JINCHAO MC. CO.,,2,Non-Electric
2023,CHENGLI SPECIAL AUTO .LTD,,1,Non-Electric
2023,CHERY AUTOMOBILES LTD.,Riich M6,1,Non-Electric
2023,CHERY AUTOMOBILES LTD.,,321,Non-Electric
2023,CHINA AEOLUS AUTO. IND,,3,Non-Electric
2023,CHINA AUTO INT.MAXI CO LTD,,2,Non-Electric
2023,"CHINA FAWGROUP, I & E CRP",,8,Non-Electric
2023,CHINA HI-TECH NEW ENERGY CO.LTD,,23,Non-Electric
2023,CHINA NATIONAL AERO,,1,Non-Electric
2023,CHINA NATIONAL INDUSTRY,,1,Non-Electric
2023,CHINAJIALING IND CO.LTD,,1,Non-Electric
2023,CHONGJING INDUSTRY CHINA,,3,Non-Electric
2023,CHONGQIN DEYUAN IMP/EXP CO. LTD,,3,Non-Electric
2023,CHONGQING CHANGJIANG  MOTORCYCLE MANUFACTURING CO.,,5,Non-Electric
2023,CHONGQING DAYAN M/C CO. LTD,,8,Non-Electric
2023,CHONGQING DONGBEN MECHANISM MANUFACTURING CO. LTD.,,2,Non-Electric
2023,CHONGQING GM INDUSTRIES,,1,Non-Electric
2023,CHONGQING HENSIM GRP CO. LTD. CN.,,2,Non-Electric
2023,CHONGQING KINGPOWER INNOVATION LTD.,,1,Non-Electric
2023,CHONGQING LIFAN HONGDA CO.,,6,Non-Electric
2023,CHONGQING LIFAN INDUSTRY(GROUP) CO.LTD.,,72,Non-Electric
2023,CHONGQING LIFAN(GROUP) IMP. & EXP. CO.LTD.,,52,Non-Electric
2023,CHONGQING LONCIN GROUP COMPANY LTD.,,3,Non-Electric
2023,CHONGQING LONCIN I & E CO.,ZAARA-100,2,Non-Electric
2023,CHONGQING LONCIN I & E CO.,,11,Non-Electric
2023,CHONGQING LONCIN IMP & EXP CO.,CB-80,1,Non-Electric
2023,CHONGQING LONCIN IMP & EXP CO.,V100 LINK,4,Non-Electric
2023,CHONGQING LONCIN IMP & EXP CO.,,104,Non-Electric
2023,CHONGQING M/C MFG CO.LTD.,,1,Non-Electric
2023,CHONGQING RATO INTELLIGENT CO. LTD. CN.,,35,Non-Electric
2023,CHONGQING SHANE LTD.,,1,Non-Electric
2023,CHONGQING SHINERAY AUTOMOBILE CO. LTD,,10,Non-Electric
2023,CHONGQING SOKON CO. LTD.,,102,Non-Electric
2023,CHONGQING UNION CO. LTD.,,2,Non-Electric
2023,CHONGQING WANHU IMP.&EXP.CO.LTD,,1,Non-Electric
2023,CHONGQING ZONGO VEHICLE CO. LTD.,,3,Non-Electric
2023,CHONGQING ZONGSHEN AUTOMOBILE INDUSTRY CO.LTD.,,120,Non-Electric
2023,CHONQING YINGANG SCIENCE & TECH CO.LTD.CHAINA,,6,Non-Electric
2023,D.A.F.,,5,Non-Electric
2023,D.C.M TOYOTA,,4,Non-Electric
2023,"DAEWOO BUS CORPORATION,KORIA",,1,Non-Electric
2023,DAIHATSHU,,5,Non-Electric
2023,DAIHATSU,Hi-line,1,Non-Electric
2023,DAIHATSU,,42,Non-Electric
2023,DAYANA,,2,Non-Electric
2023,DAYANG,BULLET,24,Non-Electric
2023,DAYANG,,29,Non-Electric
2023,DAYUN,,12,Non-Electric
2023,DEUTZ,,2,Non-Electric
2023,DIAMLER CHRYSLER,,1,Non-Electric
2023,DONG FENG MOTOR.CO.LTD.,,13,Non-Electric
2023,DONGFENG MOTOR CORPN.,,41,Non-Electric
2023,DONGFENG YUAN VEHICLE CO.,,2,Non-Electric
2023,EICHER INTERNATIONAL LTD,,5,Non-Electric
2023,EICHER MOTORS LTD.,EICHER 10.90L,31,Non-Electric
2023,EICHER MOTORS LTD.,EICHER 20.15,5,Non-Electric
2023,EICHER MOTORS LTD.,Eicher Polaris Multix22,1,Non-Electric
2023,EICHER MOTORS LTD.,PRO-3015,3,Non-Electric
2023,EICHER MOTORS LTD.,WD/J2,1,Non-Electric
2023,EICHER MOTORS LTD.,WD/RE,1,Non-Electric
2023,EICHER MOTORS LTD.,,1565,Non-Electric
2023,EMMA MOTORS,,6,Non-Electric
2023,ESCORTS MOTOR CO.,,83,Non-Electric
2023,FAW GROUP CORP.,,6,Non-Electric
2023,FCA INTERNATIONAL OPERATIONS LLC,,8,Non-Electric
2023,FERRARI,,1,Non-Electric
2023,FIAT,,72,Non-Electric
2023,FORCE MOTORS INDIA.,,2,Non-Electric
2023,FORD,,15,Non-Electric
2023,FOSHAN CITY FOSTI M/C ENTP,,20,Non-Electric
2023,FREEDOMOTOR HONDA CORP.LTD.,ROYAL,2,Non-Electric
2023,FREEDOMOTOR HONDA CORP.LTD.,,4,Non-Electric
2023,GP LIMITED. THAILAND,GIXXER,1,Non-Electric
2023,GP LIMITED. THAILAND,,230,Non-Electric
2023,GPX LIMITED. THAILAND,,176,Non-Electric
2023,GPX. TAHILAND,,51,Non-Electric
2023,GREAT WALL PICKUP,,2,Non-Electric
2023,GREATWALL JEEP.,,108,Non-Electric
2023,GUANGDONG DAFU MOTORCYCLE CO. LTD.,,2,Non-Electric
2023,GUANGDONG FODAY,,2,Non-Electric
2023,GUANGDONG JINHAO M/C CO. LTD,,1,Non-Electric
2023,GUANGDONG TAYO M/C CO. LTD.,,70,Non-Electric
2023,GUANGZHO TIANHCNG PREMA M/C.CO.LTD,,1,Non-Electric
2023,GUANGZHOU AUTOBUS CO LTD.,,1,Non-Electric
2023,GUANGZHOU DAYANG M/C CO. LTD.,,8,Non-Electric
2023,GUANGZHOU FEKON M/C CO. LTD.,,11,Non-Electric
2023,GUANGZHOU FEKON M/C CO. LTD. CHINA,,4,Non-Electric
2023,GUANGZHOU HAOJIN MOTORCYCLE CO.LTD.,,12,Non-Electric
2023,GUANGZHOU SONLIK INDUSTRY CO. LTD.,,7,Non-Electric
2023,H. S. L,,1,Non-Electric
2023,HAOJIN HAILI M/C CO,,3,Non-Electric
2023,HERO HONDA MOTOR CO.,HUNK DDM,10,Non-Electric
2023,HERO HONDA MOTOR CO.,SPLENDOR PLUS ,1,Non-Electric
2023,HERO HONDA MOTOR CO.,THRILLER 160,1,Non-Electric
2023,HERO HONDA MOTOR CO.,,266,Non-Electric
2023,HERO MOTOR CORP. INDIA,DD80H,1,Non-Electric
2023,HERO MOTOR CORP. INDIA,GLAMOUR,562,Non-Electric
2023,HERO MOTOR CORP. INDIA,HF DELUXE,728,Non-Electric
2023,HERO MOTOR CORP. INDIA,HUNK,355,Non-Electric
2023,HERO MOTOR CORP. INDIA,HUNK DDM,100,Non-Electric
2023,HERO MOTOR CORP. INDIA,IGNITOR,619,Non-Electric
2023,HERO MOTOR CORP. INDIA,PASSION PRO,93,Non-Electric
2023,HERO MOTOR CORP. INDIA,PASSION XPRO,183,Non-Electric
2023,HERO MOTOR CORP. INDIA,PLEASURE,76,Non-Electric
2023,HERO MOTOR CORP. INDIA,SPLENDOR PLUS ,2385,Non-Electric
2023,HERO MOTOR CORP. INDIA,SPLENDOR-SMART,36,Non-Electric
2023,HERO MOTOR CORP. INDIA,SUZUKI-SF-GIXXER,1,Non-Electric
2023,HERO MOTOR CORP. INDIA,THRILLER 160,3,Non-Electric
2023,HERO MOTOR CORP. INDIA,XTREME,51,Non-Electric
2023,HERO MOTOR CORP. INDIA,,6045,Non-Electric
2023,HERO SPEED,,4,Non-Electric
2023,HI-SPEED,,3,Non-Electric
2023,"HIGER BUS COMPANY LIMITED.,CHINA",,5,Non-Electric
2023,HILMAN,,1,Non-Electric
2023,HINO MOTORS LTD.,HINO RM Bus,4,Non-Electric
2023,HINO MOTORS LTD.,,386,Non-Electric
2023,HMCL NILOY BD. LTD.,AD80S DELUXE,4,Non-Electric
2023,HMCL NILOY BD. LTD.,CB-SHINE-SP-125CC,1,Non-Electric
2023,HMCL NILOY BD. LTD.,DIO-110CC,1,Non-Electric
2023,HMCL NILOY BD. LTD.,Discover,1,Non-Electric
2023,HMCL NILOY BD. LTD.,GIXXER,1,Non-Electric
2023,HMCL NILOY BD. LTD.,GLAMOUR,1599,Non-Electric
2023,HMCL NILOY BD. LTD.,HF DELUXE,2061,Non-Electric
2023,HMCL NILOY BD. LTD.,HUNK,1112,Non-Electric
2023,HMCL NILOY BD. LTD.,IGNITOR,1868,Non-Electric
2023,HMCL NILOY BD. LTD.,ISMART-110,67,Non-Electric
2023,HMCL NILOY BD. LTD.,LIVO-DRUM-110CC,2,Non-Electric
2023,HMCL NILOY BD. LTD.,MESTRO,165,Non-Electric
2023,HMCL NILOY BD. LTD.,PASSION XPRO,682,Non-Electric
2023,HMCL NILOY BD. LTD.,PLEASURE,127,Non-Electric
2023,HMCL NILOY BD. LTD.,Pulsar,2,Non-Electric
2023,HMCL NILOY BD. LTD.,SALUTO-125CC,3,Non-Electric
2023,HMCL NILOY BD. LTD.,SPLENDOR PLUS ,4160,Non-Electric
2023,HMCL NILOY BD. LTD.,SUZUKI-SF-GIXXER,1,Non-Electric
2023,HMCL NILOY BD. LTD.,THRILLER 160,629,Non-Electric
2023,HMCL NILOY BD. LTD.,,11440,Non-Electric
2023,HONDA INDIA PVT.LTD,CB HORNET,88,Non-Electric
2023,HONDA INDIA PVT.LTD,CB SHINE,1,Non-Electric
2023,HONDA INDIA PVT.LTD,CB TRIGGER,6,Non-Electric
2023,HONDA INDIA PVT.LTD,CB-SHINE,171,Non-Electric
2023,HONDA INDIA PVT.LTD,DEAM NEO (110CC),1,Non-Electric
2023,HONDA INDIA PVT.LTD,DISCOVER,1,Non-Electric
2023,HONDA INDIA PVT.LTD,DREAM DEO,129,Non-Electric
2023,HONDA INDIA PVT.LTD,LIVO,223,Non-Electric
2023,HONDA INDIA PVT.LTD,LIVO(DRUM),72,Non-Electric
2023,HONDA INDIA PVT.LTD,STRYKER,15,Non-Electric
2023,HONDA INDIA PVT.LTD,X-BLADE-160CC,3,Non-Electric
2023,HONDA INDIA PVT.LTD,,2822,Non-Electric
2023,HONDA INDONESIA,,403,Non-Electric
2023,HONDA MOTOR CO. INDONESIA,,14,Non-Electric
2023,HONDA MOTOR CO. LTD. INDONESIA,,5,Non-Electric
2023,HONDA MOTORS,Accord,17,Non-Electric
2023,HONDA MOTORS,Accord Plug-in Hybrid,19,Non-Electric
2023,HONDA MOTORS,BR-V,48,Non-Electric
2023,HONDA MOTORS,Ballade,1,Non-Electric
2023,HONDA MOTORS,CB series,1,Non-Electric
2023,HONDA MOTORS,CB50,1,Non-Electric
2023,HONDA MOTORS,CR-V,183,Non-Electric
2023,HONDA MOTORS,City,15,Non-Electric
2023,HONDA MOTORS,Civic,53,Non-Electric
2023,HONDA MOTORS,Corolla Axio,1,Non-Electric
2023,HONDA MOTORS,Dream Neo/CD 110 Dream,1,Non-Electric
2023,HONDA MOTORS,Fit EV,1,Non-Electric
2023,HONDA MOTORS,Freed,2,Non-Electric
2023,HONDA MOTORS,Grace,46,Non-Electric
2023,HONDA MOTORS,Greiz,2,Non-Electric
2023,HONDA MOTORS,HR-V,11,Non-Electric
2023,HONDA MOTORS,Honda CBR600F2,1,Non-Electric
2023,HONDA MOTORS,Honda CR-X,1,Non-Electric
2023,HONDA MOTORS,Honda J-VW,1,Non-Electric
2023,HONDA MOTORS,Hornet(CB250F),2,Non-Electric
2023,HONDA MOTORS,Insight ,16,Non-Electric
2023,HONDA MOTORS,LIVO-DISC-110CC,1,Non-Electric
2023,HONDA MOTORS,Livo,2,Non-Electric
2023,HONDA MOTORS,Shine,2,Non-Electric
2023,HONDA MOTORS,Vezel,25,Non-Electric
2023,HONDA MOTORS,X BLADE,4,Non-Electric
2023,HONDA MOTORS,,871,Non-Electric
2023,HONDA SIEL CARS INDIA,,1,Non-Electric
2023,HONDA THAILAND,,122,Non-Electric
2023,HPM AUTO IND.LTD,,16,Non-Electric
2023,HUBEI TRI-RING SPECIAL VEHICLE CO. LTD.,,1,Non-Electric
2023,HYNDAI MOTORS,,1,Non-Electric
2023,HYOSUNG MOTORS,,2,Non-Electric
2023,HYUNDAI MOTOR COMPANY,,1115,Non-Electric
2023,HYUNDAI MOTORS,Hyundai FB,1,Non-Electric
2023,HYUNDAI MOTORS,Terracan,1,Non-Electric
2023,HYUNDAI MOTORS,,48,Non-Electric
2023,INDIA YAMAHA MOTORS PVT.LTD.,ALPHA,2,Non-Electric
2023,INDIA YAMAHA MOTORS PVT.LTD.,CB-SHINE,1,Non-Electric
2023,INDIA YAMAHA MOTORS PVT.LTD.,DIO-110CC,1,Non-Electric
2023,INDIA YAMAHA MOTORS PVT.LTD.,FAZAR-V2-150CC,135,Non-Electric
2023,INDIA YAMAHA MOTORS PVT.LTD.,FAZER F1 V2.0,581,Non-Electric
2023,INDIA YAMAHA MOTORS PVT.LTD.,FZS DD,4071,Non-Electric
2023,INDIA YAMAHA MOTORS PVT.LTD.,FZS-V3-150CC,3507,Non-Electric
2023,INDIA YAMAHA MOTORS PVT.LTD.,GIXXER,1,Non-Electric
2023,INDIA YAMAHA MOTORS PVT.LTD.,LIVO-DRUM-110CC,1,Non-Electric
2023,INDIA YAMAHA MOTORS PVT.LTD.,MT-15-155CC,216,Non-Electric
2023,INDIA YAMAHA MOTORS PVT.LTD.,R15-V3-155CC,345,Non-Electric
2023,INDIA YAMAHA MOTORS PVT.LTD.,RAYZR-113CC,30,Non-Electric
2023,INDIA YAMAHA MOTORS PVT.LTD.,SALUTO,383,Non-Electric
2023,INDIA YAMAHA MOTORS PVT.LTD.,SZRR(SE),4,Non-Electric
2023,INDIA YAMAHA MOTORS PVT.LTD.,TVS APACHE RTR,1,Non-Electric
2023,INDIA YAMAHA MOTORS PVT.LTD.,XSR-155CC,8,Non-Electric
2023,INDIA YAMAHA MOTORS PVT.LTD.,YAMAHA FZS,116,Non-Electric
2023,INDIA YAMAHA MOTORS PVT.LTD.,YAMAHA FZS V3.0 B8T200-010CMDPBM,43,Non-Electric
2023,INDIA YAMAHA MOTORS PVT.LTD.,,7714,Non-Electric
2023,INTTL(INTERNATIONAL) TRACTOR LTD.,,8,Non-Electric
2023,ISUZU MOTOR LIMITED,D-Max,1,Non-Electric
2023,ISUZU MOTOR LIMITED,Hatchback,1,Non-Electric
2023,ISUZU MOTOR LIMITED,Isuzu D-Max,2,Non-Electric
2023,ISUZU MOTOR LIMITED,Isuzu Mu-X,2,Non-Electric
2023,ISUZU MOTOR LIMITED,Isuzu P up,1,Non-Electric
2023,ISUZU MOTOR LIMITED,Isuzu Zaccar,1,Non-Electric
2023,ISUZU MOTOR LIMITED,ZXC,1,Non-Electric
2023,ISUZU MOTOR LIMITED,,437,Non-Electric
2023,IVECO.S.P.A. ITALY,,4,Non-Electric
2023,JAINMEN CITY DIAHAO MC. CO,,4,Non-Electric
2023,JAMUNA ELEC & AUTO LTD.,,43,Non-Electric
2023,JIALING INDUSTRIES COMPANY LTD,,2,Non-Electric
2023,JIANGMEN DACHANGJIANG CO.,KA135,3,Non-Electric
2023,JIANGMEN DACHANGJIANG CO.,,44,Non-Electric
2023,JIANGMEN DSEHANGJIANG CO. CHINA,HAOJUE KA-135,4,Non-Electric
2023,JIANGMEN DSEHANGJIANG CO. CHINA,HAOJUE TR-150,2,Non-Electric
2023,JIANGMEN DSEHANGJIANG CO. CHINA,HAOJUE TZ-135,1,Non-Electric
2023,JIANGMEN DSEHANGJIANG CO. CHINA,,7,Non-Electric
2023,JIANGMEN HAOJUE I & E CO.,,24,Non-Electric
2023,JIANGMEN QINGQI HUANAN CO LTD.,,1,Non-Electric
2023,JIANGMEN SUZUKI MOTORS,,5,Non-Electric
2023,JIANGXI JIANGLING MOTORS IMPORT AND EXPORT CO.LTD.,,127,Non-Electric
2023,JINAN QINGQI SUZUKI MOTORCYCLE CO. LTD,,109,Non-Electric
2023,KAWASAKI THAILAND CO.LTD.,,1,Non-Electric
2023,KAWASAKI. INDONESIA,Kawasaki KSR110,1,Non-Electric
2023,KAWASAKI. INDONESIA,,21,Non-Electric
2023,KIA MOTORS,,94,Non-Electric
2023,KIA MOTORS INDIA PRIVATE LTD.,,12,Non-Electric
2023,KRANTI AUTOMOBILES LTD.,,2,Non-Electric
2023,KTM INDIA,RC125CC,9,Non-Electric
2023,KTM INDIA,,59,Non-Electric
2023,LAND ROVER,,18,Non-Electric
2023,LIFAN,,18,Non-Electric
2023,LIFAN IND.QIPAI CHINA,,10,Non-Electric
2023,LIFENG GROUP CO.LTD.CHINA.,Lifan 620 ,3,Non-Electric
2023,LIFENG GROUP CO.LTD.CHINA.,,1,Non-Electric
2023,LML LIMITED,,3,Non-Electric
2023,LONCIN INDUSTRY CO.LTD.,,2,Non-Electric
2023,LOTUS,,1,Non-Electric
2023,LUOYANG NORTHERN EKCHOR,,50,Non-Electric
2023,M.M.C JAPAN,,5,Non-Electric
2023,M/S. ACI MOTORS LTD.,AD80S DELUXE,1,Non-Electric
2023,M/S. ACI MOTORS LTD.,FAZER,180,Non-Electric
2023,M/S. ACI MOTORS LTD.,FZS DD,1,Non-Electric
2023,M/S. ACI MOTORS LTD.,FZS-V2-150CC,9754,Non-Electric
2023,M/S. ACI MOTORS LTD.,FZS-V3-150CC,7336,Non-Electric
2023,M/S. ACI MOTORS LTD.,GIXXER-DT-DD,1,Non-Electric
2023,M/S. ACI MOTORS LTD.,SALUTO-125CC,1247,Non-Electric
2023,M/S. ACI MOTORS LTD.,SUZUKI-SF-GIXXER,1,Non-Electric
2023,M/S. ACI MOTORS LTD.,TVS APACHE RTR,1,Non-Electric
2023,M/S. ACI MOTORS LTD.,TVS Scooty,1,Non-Electric
2023,M/S. ACI MOTORS LTD.,,14906,Non-Electric
2023,M/S. KEYA MOTORS,,1,Non-Electric
2023,M/S. RANCON MOTORBIKES LTD. BANGLADESH,ACCESS-DISC,133,Non-Electric
2023,M/S. RANCON MOTORBIKES LTD. BANGLADESH,ACCESS-DRUM,3,Non-Electric
2023,M/S. RANCON MOTORBIKES LTD. BANGLADESH,AD80S DELUXE,1,Non-Electric
2023,M/S. RANCON MOTORBIKES LTD. BANGLADESH,ALPHA,1,Non-Electric
2023,M/S. RANCON MOTORBIKES LTD. BANGLADESH,BANDIT,1,Non-Electric
2023,M/S. RANCON MOTORBIKES LTD. BANGLADESH,BANDIT DUEL CHANNEL ABS,4,Non-Electric
2023,M/S. RANCON MOTORBIKES LTD. BANGLADESH,DIO-110CC,1,Non-Electric
2023,M/S. RANCON MOTORBIKES LTD. BANGLADESH,Discover,1,Non-Electric
2023,M/S. RANCON MOTORBIKES LTD. BANGLADESH,FZS-V2-150CC,1,Non-Electric
2023,M/S. RANCON MOTORBIKES LTD. BANGLADESH,FZS-V3-150CC,4,Non-Electric
2023,M/S. RANCON MOTORBIKES LTD. BANGLADESH,GE110,1,Non-Electric
2023,M/S. RANCON MOTORBIKES LTD. BANGLADESH,GIXXER,5985,Non-Electric
2023,M/S. RANCON MOTORBIKES LTD. BANGLADESH,GIXXER CARB-DISC,293,Non-Electric
2023,M/S. RANCON MOTORBIKES LTD. BANGLADESH,GIXXER FI-ABS,1090,Non-Electric
2023,M/S. RANCON MOTORBIKES LTD. BANGLADESH,GIXXER SF FI -ABS,1080,Non-Electric
2023,M/S. RANCON MOTORBIKES LTD. BANGLADESH,GIXXER SF-GP-DD,177,Non-Electric
2023,M/S. RANCON MOTORBIKES LTD. BANGLADESH,GIXXER SF-GP-DD-FI,163,Non-Electric
2023,M/S. RANCON MOTORBIKES LTD. BANGLADESH,GIXXER-DT-DD,109,Non-Electric
2023,M/S. RANCON MOTORBIKES LTD. BANGLADESH,GIXXERSF CARB-DISC,287,Non-Electric
2023,M/S. RANCON MOTORBIKES LTD. BANGLADESH,GSX 125 ,174,Non-Electric
2023,M/S. RANCON MOTORBIKES LTD. BANGLADESH,GSX-R DUEL CHANNEL ABS,90,Non-Electric
2023,M/S. RANCON MOTORBIKES LTD. BANGLADESH,GSXR 150,112,Non-Electric
2023,M/S. RANCON MOTORBIKES LTD. BANGLADESH,HAYATE-EP,607,Non-Electric
2023,M/S. RANCON MOTORBIKES LTD. BANGLADESH,INTRUDER-GLA- ABS,6,Non-Electric
2023,M/S. RANCON MOTORBIKES LTD. BANGLADESH,INTRUDER-RLA-FI ABS,12,Non-Electric
2023,M/S. RANCON MOTORBIKES LTD. BANGLADESH,LIVO,1,Non-Electric
2023,M/S. RANCON MOTORBIKES LTD. BANGLADESH,LIVO-DRUM-110CC,1,Non-Electric
2023,M/S. RANCON MOTORBIKES LTD. BANGLADESH,SAMURAL 150,4,Non-Electric
2023,M/S. RANCON MOTORBIKES LTD. BANGLADESH,SUZUKI-GE110,93,Non-Electric
2023,M/S. RANCON MOTORBIKES LTD. BANGLADESH,X-BLADE-160CC,2,Non-Electric
2023,M/S. RANCON MOTORBIKES LTD. BANGLADESH,XL 100CC,1,Non-Electric
2023,M/S. RANCON MOTORBIKES LTD. BANGLADESH,,16944,Non-Electric
2023,M/S. TRANS ASIA INDUSTRIES LTD.,DISCOVER125,250,Non-Electric
2023,M/S. TRANS ASIA INDUSTRIES LTD.,Discover,1,Non-Electric
2023,M/S. TRANS ASIA INDUSTRIES LTD.,,1419,Non-Electric
2023,MAHINDRA & MAHINDRA,ARRO-XT,1,Non-Electric
2023,MAHINDRA & MAHINDRA,GUSTO,6,Non-Electric
2023,MAHINDRA & MAHINDRA,MAXXIMO PLUS VX,2,Non-Electric
2023,MAHINDRA & MAHINDRA,PS PICKUP- BS-III-2,4,Non-Electric
2023,MAHINDRA & MAHINDRA,,1009,Non-Electric
2023,MAHINDRA TWO WHEELERS LTD,CENTURO 01,16,Non-Electric
2023,MAHINDRA TWO WHEELERS LTD,CENTURO DB,20,Non-Electric
2023,MAHINDRA TWO WHEELERS LTD,e2o,1,Non-Electric
2023,MAHINDRA TWO WHEELERS LTD,eSupro,1,Non-Electric
2023,MAHINDRA TWO WHEELERS LTD,,72,Non-Electric
2023,MAN,,3,Non-Electric
2023,MAN TRUCKS INDIA PVT. LTD,,6,Non-Electric
2023,MARUTI LTD.,,1,Non-Electric
2023,MARUTI SUZUKI  LTD.,,161,Non-Electric
2023,MASERATI,,1,Non-Electric
2023,MAZDA,Axela,9,Non-Electric
2023,MAZDA, Roadpacer,3,Non-Electric
2023,MAZDA,,85,Non-Electric
2023,MERCEDES,BMW 331 ,1,Non-Electric
2023,MERCEDES,,30,Non-Electric
2023,MERCEDES-BENZ,,117,Non-Electric
2023,MERCEDES-BENZ,,11,Non-Electric
2023,MERCURY,,1,Non-Electric
2023,MITSUBISHI FUSO TRUCK AND BUS CORP.,,147,Non-Electric
2023,MITSUBISHI M. CO. LTD.,Attrage,2,Non-Electric
2023,MITSUBISHI M. CO. LTD.,Chrysler Regal,1,Non-Electric
2023,MITSUBISHI M. CO. LTD.,Colt 11-F,2,Non-Electric
2023,MITSUBISHI M. CO. LTD.,Delica,1,Non-Electric
2023,MITSUBISHI M. CO. LTD.,Eclipse,2,Non-Electric
2023,MITSUBISHI M. CO. LTD.,Eclipse Cross,62,Non-Electric
2023,MITSUBISHI M. CO. LTD.,Jeep,1,Non-Electric
2023,MITSUBISHI M. CO. LTD.,L200,57,Non-Electric
2023,MITSUBISHI M. CO. LTD.,Mitsubshi 3000GT,2,Non-Electric
2023,MITSUBISHI M. CO. LTD.,Mitsubshi 360,5,Non-Electric
2023,MITSUBISHI M. CO. LTD.,Mitsubshi 380,3,Non-Electric
2023,MITSUBISHI M. CO. LTD.,Outlander,93,Non-Electric
2023,MITSUBISHI M. CO. LTD.,Outlander Sport,1,Non-Electric
2023,MITSUBISHI M. CO. LTD.,Pajero,16,Non-Electric
2023,MITSUBISHI M. CO. LTD.,Pajero Sport,1,Non-Electric
2023,MITSUBISHI M. CO. LTD.,Xpander,207,Non-Electric
2023,MITSUBISHI M. CO. LTD.,,636,Non-Electric
2023,"MITUSBISHI TRUCK AND BUS CORPORATION., JAPAN.",,1,Non-Electric
2023,N.I.SYNDICATE AUTO IND.,,4,Non-Electric
2023,NANHAI ZHONGMO CO.CHINA,CRUISER,1,Non-Electric
2023,NAZA CORP. SDN BHD.,,1,Non-Electric
2023,"NEW GRAMEEN MOTORS, BD", ZAARA,27,Non-Electric
2023,"NEW GRAMEEN MOTORS, BD",150,47,Non-Electric
2023,"NEW GRAMEEN MOTORS, BD",DD110-VX,32,Non-Electric
2023,"NEW GRAMEEN MOTORS, BD",DD125-6A,9,Non-Electric
2023,"NEW GRAMEEN MOTORS, BD",DD80H,13,Non-Electric
2023,"NEW GRAMEEN MOTORS, BD",GIXXER,1,Non-Electric
2023,"NEW GRAMEEN MOTORS, BD",GP (165CC),73,Non-Electric
2023,"NEW GRAMEEN MOTORS, BD",H 100C,7,Non-Electric
2023,"NEW GRAMEEN MOTORS, BD",H POWER,19,Non-Electric
2023,"NEW GRAMEEN MOTORS, BD",ZAARA 110,133,Non-Electric
2023,"NEW GRAMEEN MOTORS, BD",,136,Non-Electric
2023,NEW HOLLAND TRACTORS CO. LTD.,,28,Non-Electric
2023,NINGBO LONGJIA M/C CO LTD,,2,Non-Electric
2023,NISSAN,Almera,2,Non-Electric
2023,NISSAN,Lafesta,1,Non-Electric
2023,NISSAN,Navana,1,Non-Electric
2023,NISSAN,Nissan 680,1,Non-Electric
2023,NISSAN,Nissan Patrol,6,Non-Electric
2023,NISSAN,X-Trail,171,Non-Electric
2023,NISSAN,,665,Non-Electric
2023,NOOMA SCI AND TECH CO.LTD,,38,Non-Electric
2023,NOT AVAILABLE,,3,Non-Electric
2023,PAK SUZUKI MOTOR,,1,Non-Electric
2023,PERUSAHAAN OTOMOBIL NASIONAL BERHAD,,54,Non-Electric
2023,PEUGEOT MOTOR CO. FRANCE,,11,Non-Electric
2023,PIAGGIO FOSHAN M/C CHINA.,,4,Non-Electric
2023,PIAGGIO VEHICLES LTD.,Bajaj RE60,1,Non-Electric
2023,PIAGGIO VEHICLES LTD.,,61,Non-Electric
2023,PIAGGIO VEHICLES LTD. INDIA.,VESPA VXL-125,1,Non-Electric
2023,PIAGGIO VEHICLES LTD. INDIA.,,31,Non-Electric
2023,PIAGGIO(VESPA),VESPA 150,1,Non-Electric
2023,PIAGGIO(VESPA),,5,Non-Electric
2023,PIAGGO VECHILES PVT. LTD. INDIA,Bajaj RE60,1,Non-Electric
2023,PIAGGO VECHILES PVT. LTD. INDIA,,324,Non-Electric
2023,PORSCHE,,1,Non-Electric
2023,PROTON,,47,Non-Electric
2023,PROTON SAGA,,15,Non-Electric
2023,PT TVS MOTOR COMPANY INDONESIA LTD.,,308,Non-Electric
2023,"PT.SOKONINDO AUTOMOBILE, INDONESIA",,44,Non-Electric
2023,QIANJIANG MOTORS LTD,RKS-100CC,8,Non-Electric
2023,QIANJIANG MOTORS LTD,RKS150,12,Non-Electric
2023,QIANJIANG MOTORS LTD,SALUTO-125CC,1,Non-Electric
2023,QIANJIANG MOTORS LTD,,88,Non-Electric
2023,QJIANG,,1,Non-Electric
2023,RAHUL COACH BUILDERS LTD,,13,Non-Electric
2023,RANGE ROVER,,12,Non-Electric
2023,RANGS MOTORCYCLE CO,,8,Non-Electric
2023,RENAULT INDIA PVT LTD,,2,Non-Electric
2023,ROAD MASTER MOTORS,VELOCITY,24,Non-Electric
2023,ROAD MASTER MOTORS,,39,Non-Electric
2023,ROAD STAR,,2,Non-Electric
2023,ROADMASTER MOTORS LTD,DELIGHT,7,Non-Electric
2023,ROADMASTER MOTORS LTD,PRIME-100,5,Non-Electric
2023,ROADMASTER MOTORS LTD,,35,Non-Electric
2023,RUNNER,AD80S DELUXE,862,Non-Electric
2023,RUNNER,BULLET,168,Non-Electric
2023,RUNNER,CHEETA,70,Non-Electric
2023,RUNNER,DISCOVER,1,Non-Electric
2023,RUNNER,F100-6A,79,Non-Electric
2023,RUNNER,KITE RT,20,Non-Electric
2023,RUNNER,KITE+,176,Non-Electric
2023,RUNNER,Platina,1,Non-Electric
2023,RUNNER,RENEGADE SPORT,36,Non-Electric
2023,RUNNER,SALUTO-125CC,1,Non-Electric
2023,RUNNER,TURBO-125,342,Non-Electric
2023,RUNNER,,4275,Non-Electric
2023,RUNNER,,1374,Non-Electric
2023,S AND T MOTORS CO. KOREA,,1,Non-Electric
2023,SAIC MOTOR CORPORATION LTD. CHINA,,204,Non-Electric
2023,SANYANG MOTOR COMPANY LTD.CHINA,,1,Non-Electric
2023,SCANIA,,4,Non-Electric
2023,SCOOTERS INDIA LTD.,,2,Non-Electric
2023,SEEZA INT. CO. LTD. THAILAND,,2,Non-Electric
2023,SHAANXI CO.LTD.CHINA,,2,Non-Electric
2023,SHANDONG JULI CO. LTD.,,1,Non-Electric
2023,SHANDONG KAMA DUMP TRUCK,,1,Non-Electric
2023,SHANDONG TANGJUN OULING AUTOMOBILE MANUFA CO LTD C,,58,Non-Electric
2023,SHANGDONG KAMA AUTOMOBILE MANUFACTURING CO. LTD.,,15,Non-Electric
2023,SHEN ZHEN FTAUNCH IND. CO. LTD,,4,Non-Electric
2023,SHENYANG JINBEI I/E CO. LTD.,,1,Non-Electric
2023,SINOTRUK IMP & EXP CO. LTD.,,35,Non-Electric
2023,SINOTRUK INTERNATIONAL,,24,Non-Electric
2023,SML ISUZU LTD,,78,Non-Electric
2023,SPEED MOTORS CONSORTIUM LTD.,,6,Non-Electric
2023,SSANGYOUNG MOTOR CO.,,2,Non-Electric
2023,SUBARU,,21,Non-Electric
2023,SUNDIRO HONDA M/C CHINA.,,2,Non-Electric
2023,SUZUKI,Access 125,10,Non-Electric
2023,SUZUKI,CS,5,Non-Electric
2023,SUZUKI,Every,1,Non-Electric
2023,SUZUKI,FA50 (Suzuki Shuttle),1,Non-Electric
2023,SUZUKI,GS150R,1,Non-Electric
2023,SUZUKI,GSX 150 Gixxer,168,Non-Electric
2023,SUZUKI,GSX 150F Gixxer SF,7,Non-Electric
2023,SUZUKI,GSX-1300R Hayabusa,1,Non-Electric
2023,SUZUKI,GSX-R125,6,Non-Electric
2023,SUZUKI,GSX-R150,16,Non-Electric
2023,SUZUKI,GSX-RR,1,Non-Electric
2023,SUZUKI,GZ125 Marauder,1,Non-Electric
2023,SUZUKI,Hustle,1,Non-Electric
2023,SUZUKI,Intruder series,1,Non-Electric
2023,SUZUKI,LIVO-DRUM-110CC,1,Non-Electric
2023,SUZUKI,Suzuki Lets,14,Non-Electric
2023,SUZUKI,Suzuki Suzumoped,1,Non-Electric
2023,SUZUKI,TC 100,20,Non-Electric
2023,SUZUKI,TC 125 Prospector,1,Non-Electric
2023,SUZUKI,TC 185 Ranger,5,Non-Electric
2023,SUZUKI,,1733,Non-Electric
2023,SUZUKI INDONESIA,,371,Non-Electric
2023,SUZUKI M/C INDIA LTD,AD80S DELUXE,1,Non-Electric
2023,SUZUKI M/C INDIA LTD,DD80H,1,Non-Electric
2023,SUZUKI M/C INDIA LTD,Discover,1,Non-Electric
2023,SUZUKI M/C INDIA LTD,FZS DD,2,Non-Electric
2023,SUZUKI M/C INDIA LTD,FZS-V3-150CC,3,Non-Electric
2023,SUZUKI M/C INDIA LTD,GE 110D,25,Non-Electric
2023,SUZUKI M/C INDIA LTD,GE110,74,Non-Electric
2023,SUZUKI M/C INDIA LTD,GIXXER,1,Non-Electric
2023,SUZUKI M/C INDIA LTD,GIXXER 5F,498,Non-Electric
2023,SUZUKI M/C INDIA LTD,GIXXER-DT-DD,1,Non-Electric
2023,SUZUKI M/C INDIA LTD,MESTRO,1,Non-Electric
2023,SUZUKI M/C INDIA LTD,Pulsar,1,Non-Electric
2023,SUZUKI M/C INDIA LTD,SUZUKI-SF-GIXXER,1509,Non-Electric
2023,SUZUKI M/C INDIA LTD,X-BLADE-160CC,1,Non-Electric
2023,SUZUKI M/C INDIA LTD,XL 100CC,2,Non-Electric
2023,SUZUKI M/C INDIA LTD,,12113,Non-Electric
2023,SUZUKI MOTOR CORP.THAILAND,,9,Non-Electric
2023,SUZUKI RAVI,,2,Non-Electric
2023,SWARAJ MAZDA LTD,SML SAMRAT XM,4,Non-Electric
2023,SWARAJ MAZDA LTD,,55,Non-Electric
2023,TADANO LTD. JAPAN,,2,Non-Electric
2023,TAFE LIMITED,,968,Non-Electric
2023,TATA,ACE EX2,77,Non-Electric
2023,TATA,LP 709,19,Non-Electric
2023,TATA,LP 909,24,Non-Electric
2023,TATA,LPK 2518,16,Non-Electric
2023,TATA,LPO 1316,8,Non-Electric
2023,TATA,LPO 1512,8,Non-Electric
2023,TATA,LPT 1010,1,Non-Electric
2023,TATA,LPT 1109,20,Non-Electric
2023,TATA,LPT 1212,12,Non-Electric
2023,TATA,LPT 1613,1,Non-Electric
2023,TATA,LPT 1615,5,Non-Electric
2023,TATA,LPT 709,8,Non-Electric
2023,TATA,LPT 909,7,Non-Electric
2023,TATA,Super Ace,5,Non-Electric
2023,TATA,TATA,4,Non-Electric
2023,TATA,TATA 1109,20,Non-Electric
2023,TATA,TATA Ace,78,Non-Electric
2023,TATA,Tata 1515C,1,Non-Electric
2023,TATA,Tata 1613,1,Non-Electric
2023,TATA,Tata 1615,14,Non-Electric
2023,TATA,Tata 1615c,2,Non-Electric
2023,TATA,Tata 1616,5,Non-Electric
2023,TATA,Tata 1616c,1,Non-Electric
2023,TATA,Tata 1618c,7,Non-Electric
2023,TATA,Tata 207,4,Non-Electric
2023,TATA,Tata 2516c,1,Non-Electric
2023,TATA,Tata 2518c,5,Non-Electric
2023,TATA,Tata 4018,1,Non-Electric
2023,TATA,Tata 407,3,Non-Electric
2023,TATA,Tata 407 Ex,8,Non-Electric
2023,TATA,Tata 407 Ex2,2,Non-Electric
2023,TATA,Tata 709 Ex,3,Non-Electric
2023,TATA,Tata 909 Ex,5,Non-Electric
2023,TATA,Tata LPTA 1615 TC,5,Non-Electric
2023,TATA,Tata Sumo,1,Non-Electric
2023,TATA,Tata Xenon,6,Non-Electric
2023,TATA,ULTRA 1012,1,Non-Electric
2023,TATA,,6409,Non-Electric
2023,THAI SUZUKI MOTOR CO.LTD,,5,Non-Electric
2023,THE FIRST AUTOMOBILE WORKS (FAW),,5,Non-Electric
2023,TOYO KOGYO,,1,Non-Electric
2023,TOYOTA M. CROP.,1NZ,1,Non-Electric
2023,TOYOTA M. CROP.,Allex ,1,Non-Electric
2023,TOYOTA M. CROP.,Allion,129,Non-Electric
2023,TOYOTA M. CROP.,Alphard,5,Non-Electric
2023,TOYOTA M. CROP.,Avanza,6,Non-Electric
2023,TOYOTA M. CROP.,BA ,1,Non-Electric
2023,TOYOTA M. CROP.,C-HR,188,Non-Electric
2023,TOYOTA M. CROP.,Camry,2,Non-Electric
2023,TOYOTA M. CROP.,Coaster,12,Non-Electric
2023,TOYOTA M. CROP.,Corolla,98,Non-Electric
2023,TOYOTA M. CROP.,Corolla Axio,778,Non-Electric
2023,TOYOTA M. CROP.,Corolla Fielder,160,Non-Electric
2023,TOYOTA M. CROP.,Corolla Spacio ,1,Non-Electric
2023,TOYOTA M. CROP.,Corolla Verso ,1,Non-Electric
2023,TOYOTA M. CROP.,Corsa,2,Non-Electric
2023,TOYOTA M. CROP.,Crown,14,Non-Electric
2023,TOYOTA M. CROP.,Dyna,3,Non-Electric
2023,TOYOTA M. CROP.,Esquire,334,Non-Electric
2023,TOYOTA M. CROP.,"Etios Liva, Etios Cross",31,Non-Electric
2023,TOYOTA M. CROP.,FZS-V2-150CC,1,Non-Electric
2023,TOYOTA M. CROP.,Grand Hiace ,16,Non-Electric
2023,TOYOTA M. CROP.,Harrier,183,Non-Electric
2023,TOYOTA M. CROP.,Hiace,328,Non-Electric
2023,TOYOTA M. CROP.,Highander,19,Non-Electric
2023,TOYOTA M. CROP.,Hilux,37,Non-Electric
2023,TOYOTA M. CROP.,Innova,1,Non-Electric
2023,TOYOTA M. CROP.,Land Cruiser,44,Non-Electric
2023,TOYOTA M. CROP.,Land Cruiser Prado,59,Non-Electric
2023,TOYOTA M. CROP.,Lexcen ,3,Non-Electric
2023,TOYOTA M. CROP.,Liteace,6,Non-Electric
2023,TOYOTA M. CROP.,Noah,277,Non-Electric
2023,TOYOTA M. CROP.,Pickup ,1,Non-Electric
2023,TOYOTA M. CROP.,Premio,538,Non-Electric
2023,TOYOTA M. CROP.,Previa,1,Non-Electric
2023,TOYOTA M. CROP.,Prius,242,Non-Electric
2023,TOYOTA M. CROP.,Prius C,1,Non-Electric
2023,TOYOTA M. CROP.,ProAce ,1,Non-Electric
2023,TOYOTA M. CROP.,Probox Van,11,Non-Electric
2023,TOYOTA M. CROP.,RAV4,15,Non-Electric
2023,TOYOTA M. CROP.,RAV4 EV,1,Non-Electric
2023,TOYOTA M. CROP.,Ractis,1,Non-Electric
2023,TOYOTA M. CROP.,Regiusace,4,Non-Electric
2023,TOYOTA M. CROP.,Rush,77,Non-Electric
2023,TOYOTA M. CROP.,Sequoia,2,Non-Electric
2023,TOYOTA M. CROP.,Sienta,40,Non-Electric
2023,TOYOTA M. CROP.,Succeed Van,1,Non-Electric
2023,TOYOTA M. CROP.,TOYOTA PRIUS ALPHA,6,Non-Electric
2023,TOYOTA M. CROP.,Townace,3,Non-Electric
2023,TOYOTA M. CROP.,Vellfire,2,Non-Electric
2023,TOYOTA M. CROP.,Vitz,3,Non-Electric
2023,TOYOTA M. CROP.,Voxy,24,Non-Electric
2023,TOYOTA M. CROP.,Yaris,12,Non-Electric
2023,TOYOTA M. CROP.,Yaris Verso ,1,Non-Electric
2023,TOYOTA M. CROP.,iQ,1,Non-Electric
2023,TOYOTA M. CROP.,,14910,Non-Electric
2023,TVS AUTO BANGLADESH LTD.,APACHE RTR 160CC,912,Non-Electric
2023,TVS AUTO BANGLADESH LTD.,APACHE RTR 4V,1900,Non-Electric
2023,TVS AUTO BANGLADESH LTD.,DIO-110CC,3,Non-Electric
2023,TVS AUTO BANGLADESH LTD.,MESTRO,1,Non-Electric
2023,TVS AUTO BANGLADESH LTD.,RADEON,239,Non-Electric
2023,TVS AUTO BANGLADESH LTD.,TVS APACHE RTR,1,Non-Electric
2023,TVS AUTO BANGLADESH LTD.,TVS METRO ES N,797,Non-Electric
2023,TVS AUTO BANGLADESH LTD.,TVS METRO PLUS DISC,886,Non-Electric
2023,TVS AUTO BANGLADESH LTD.,TVS STR YKER,1339,Non-Electric
2023,TVS AUTO BANGLADESH LTD.,XL 100CC,191,Non-Electric
2023,TVS AUTO BANGLADESH LTD.,,11114,Non-Electric
2023,TVS MOTOR COMPANY LIMITED,APACHE RTR 160CC,2,Non-Electric
2023,TVS MOTOR COMPANY LIMITED,APACHE RTR 4V,2525,Non-Electric
2023,TVS MOTOR COMPANY LIMITED,CB-SHINE,2,Non-Electric
2023,TVS MOTOR COMPANY LIMITED,Discover,1,Non-Electric
2023,TVS MOTOR COMPANY LIMITED,GIXXER,2,Non-Electric
2023,TVS MOTOR COMPANY LIMITED,GIXXER-DT-DD,1,Non-Electric
2023,TVS MOTOR COMPANY LIMITED,JUPITER,5,Non-Electric
2023,TVS MOTOR COMPANY LIMITED,LIVO-DRUM-110CC,2,Non-Electric
2023,TVS MOTOR COMPANY LIMITED,METRO ES,833,Non-Electric
2023,TVS MOTOR COMPANY LIMITED,METRO PLUS,1865,Non-Electric
2023,TVS MOTOR COMPANY LIMITED,Pulsar,2,Non-Electric
2023,TVS MOTOR COMPANY LIMITED,RADEON,279,Non-Electric
2023,TVS MOTOR COMPANY LIMITED,STRYKER,1267,Non-Electric
2023,TVS MOTOR COMPANY LIMITED,TVS APACHE RTR,1514,Non-Electric
2023,TVS MOTOR COMPANY LIMITED,TVS METRO ES N,2,Non-Electric
2023,TVS MOTOR COMPANY LIMITED,TVS METRO PLUS DISC,2,Non-Electric
2023,TVS MOTOR COMPANY LIMITED,TVS NTORQ,599,Non-Electric
2023,TVS MOTOR COMPANY LIMITED,TVS STR YKER,2,Non-Electric
2023,TVS MOTOR COMPANY LIMITED,TVS Scooty,22,Non-Electric
2023,TVS MOTOR COMPANY LIMITED,TVS Wego,309,Non-Electric
2023,TVS MOTOR COMPANY LIMITED,X-BLADE-160CC,2,Non-Electric
2023,TVS MOTOR COMPANY LIMITED,XL 100CC,1,Non-Electric
2023,TVS MOTOR COMPANY LIMITED,XL-100,248,Non-Electric
2023,TVS MOTOR COMPANY LIMITED,,14516,Non-Electric
2023,TVS SUZUKI LIMITED,,9,Non-Electric
2023,TVS VICTOR,,3,Non-Electric
2023,TVS.KING MOTOR CO.LTD,,3,Non-Electric
2023,VAUXHALL,,23,Non-Electric
2023,VESPA,,1,Non-Electric
2023,VOLKSWAGEN,,1,Non-Electric
2023,VOLVO,,2,Non-Electric
2023,WALTON HI-TEC IND. BD. LTD.,,11,Non-Electric
2023,WALTON HI-TEC INDUSTRIES LTD,LEO+,4,Non-Electric
2023,WALTON HI-TEC INDUSTRIES LTD,,21,Non-Electric
2023,WONJAN SUZUKI,,1,Non-Electric
2023,WUXI FEIHAO INTL TRADE LTD,,127,Non-Electric
2023,WUXI XUSHI INTL CO.LTD,,1,Non-Electric
2023,WUYANG HONDA MOTORS(GUANGZHOU) CO.LTD,WY 125-E,3,Non-Electric
2023,WUYANG HONDA MOTORS(GUANGZHOU) CO.LTD,,2,Non-Electric
2023,XIAMEN XIASHING M/C CO. LTD,,12,Non-Electric
2023,XINGFO CO. LTD,,1,Non-Electric
2023,XUZHOU MACHINERY CO. LTD. CN.,,1,Non-Electric
2023,"YAHAO MOTORCYCLE INDUSTRIAL DEVELOPMENT, COM.",,14,Non-Electric
2023,YAMAHA,FAZER,1,Non-Electric
2023,YAMAHA,FZ1/FZ6,3,Non-Electric
2023,YAMAHA,FZ16,2,Non-Electric
2023,YAMAHA,FZS-V2-150CC,1,Non-Electric
2023,YAMAHA,FZS600,6,Non-Electric
2023,YAMAHA,FZX700/750 Fazer,2,Non-Electric
2023,YAMAHA,MT-09 / FZ-09,1,Non-Electric
2023,YAMAHA,R15 VERSION 3.0,5,Non-Electric
2023,YAMAHA,RD250,7,Non-Electric
2023,YAMAHA,RD350 YPVS,1,Non-Electric
2023,YAMAHA,RD350LC,3,Non-Electric
2023,YAMAHA,RD400,1,Non-Electric
2023,YAMAHA,RX-Z,1,Non-Electric
2023,YAMAHA,,2975,Non-Electric
2023,YAMAHA ESCORTS LTD.,,1,Non-Electric
2023,YAMAHA INDONESIA,,2229,Non-Electric
2023,YAMAHA MOTOR CO. LTD. THAILAND,R15,5,Non-Electric
2023,YAMAHA MOTOR CO. LTD. THAILAND,,68,Non-Electric
2023,YAMAHA MOTOR CO.LTD,,1191,Non-Electric
2023,YAMAHA MOTOR INDIA PVT.LTD.,FAZER FI V2.0 ,125,Non-Electric
2023,YAMAHA MOTOR INDIA PVT.LTD.,FZS-V3-150CC,1,Non-Electric
2023,YAMAHA MOTOR INDIA PVT.LTD.,,2657,Non-Electric
2023,YAMASAKI M/C CO. LTD,,1,Non-Electric
2023,YINHE CHINA,,1,Non-Electric
2023,YUTONG BUS CO. LTD.,,1,Non-Electric
2023,ZENCHENG CITY DONGYANG M/C IND.,,1,Non-Electric
2023,ZENGCHENG HAILI M/C CO.LTD.,,1,Non-Electric
2023,"ZHEJAING JIAJUE MOTOR CO, LTD. CHINA.",,3,Non-Electric
2023,ZHEJIANG CFMOTO CO.LTD.,,10,Non-Electric
2023,ZHEJIANG GEELY MING IND.CO.LTD,,18,Non-Electric
2023,ZHEJIANG HAOQING MC. CO.,,3,Non-Electric
2023,ZHEJIANG HEALTH PHONIX CO.,,1,Non-Electric
2023,ZHEJIANG JIAJUE MOTORCYCLE MANUFACTURING CO. LTD,,3,Non-Electric
2023,ZHEJIANG KAIKAI MEIDUO CO.,,2,Non-Electric
2023,ZHEJIANG ZHONGNENG CO. LTD,,31,Non-Electric
2023,ZHENGZHOU DONGFENG CO LTD,,22,Non-Electric
2023,ZONGSHEN AUTO INS. CO.,,5,Non-Electric
2023,ZONGSHEN IND. GRP.MFG.CO.,,4,Non-Electric
2023,ZOOMLION HEAVY IND.SCI AND TECH. CO. LTD,,1,Non-Electric
2023,ZOOMLION INTL TRADING CO.LTD,,1,Non-Electric
2023,"ZHEJIANG CHUANGTAI M/C CO., LTD.",GP-1,8,Non-Electric
2023,"ZHEJIANG CHUANGTAI M/C CO., LTD.",,89,Non-Electric
2023,ZONGSHEN PIAGGIO FOSHAN MOTORCYCLE CO. LTD. CHINA,,10,Non-Electric
2024,(M/S RASEL INDUSTRIES LTD.BANGLADESH.),V80XPRESS,21,Non-Electric
2024,(M/S RASEL INDUSTRIES LTD.BANGLADESH.),,305,Non-Electric
2024,5R MOTORS (GUANZHOU) CO. LTD,,2,Non-Electric
2024,A.P HONDA THAILAND,,1,Non-Electric
2024,AFTAB AUTOMOBILES LTD.,,30,Non-Electric
2024,AMBASSADOR,,3,Non-Electric
2024,ANHUI ANKAI AUTOMOBILE CO.,,3,Non-Electric
2024,ANHUI JIANGHUAI AUTOMOBILE CO LTD,HFC1042KD,1,Non-Electric
2024,ANHUI JIANGHUAI AUTOMOBILE CO LTD,,80,Non-Electric
2024,APRILIA ITALY,,1,Non-Electric
2024,ARD EXIM INDIA,,1,Non-Electric
2024,ASHOKE LEYLAND,12M FESLF,1,Non-Electric
2024,ASHOKE LEYLAND,1613H,1,Non-Electric
2024,ASHOKE LEYLAND,1616IL,5,Non-Electric
2024,ASHOKE LEYLAND,1618,1,Non-Electric
2024,ASHOKE LEYLAND,B-1212,8,Non-Electric
2024,ASHOKE LEYLAND,B-1616,5,Non-Electric
2024,ASHOKE LEYLAND,DOST,4,Non-Electric
2024,ASHOKE LEYLAND,DOST PLUS,1,Non-Electric
2024,ASHOKE LEYLAND,ECOMET-1012,1,Non-Electric
2024,ASHOKE LEYLAND,ECOMET-1212IL,3,Non-Electric
2024,ASHOKE LEYLAND,ECOMET-1214,2,Non-Electric
2024,ASHOKE LEYLAND,ECOMET-1214XL,11,Non-Electric
2024,ASHOKE LEYLAND,FT 6055,3,Non-Electric
2024,ASHOKE LEYLAND,FT 6060,3,Non-Electric
2024,ASHOKE LEYLAND,LYNX,2,Non-Electric
2024,ASHOKE LEYLAND,Lynx,1,Non-Electric
2024,ASHOKE LEYLAND,Partner,1,Non-Electric
2024,ASHOKE LEYLAND,STAG 1012,1,Non-Electric
2024,ASHOKE LEYLAND,STAG 1212,6,Non-Electric
2024,ASHOKE LEYLAND,TUSKER CARGO U-3518,1,Non-Electric
2024,ASHOKE LEYLAND,Titan,1,Non-Electric
2024,ASHOKE LEYLAND,,3171,Non-Electric
2024,ATLAS BANGLADESH LTD.,HUNK,1,Non-Electric
2024,ATLAS BANGLADESH LTD.,PASSION PRO,1,Non-Electric
2024,ATLAS BANGLADESH LTD.,SUPER SPLENDOR,2,Non-Electric
2024,ATLAS BANGLADESH LTD.,,18,Non-Electric
2024,ATLAS HONDA LTD.,,6,Non-Electric
2024,ATUL AUTO LTD.,,2,Non-Electric
2024,AUDI,,6,Non-Electric
2024,"BAIC INTERNATIONAL DEVELOPMENT CO.LTD,CHINA.",,17,Non-Electric
2024,"BAJAJ AUTO LIMITED, INDIA",Bajaj RE60,1,Non-Electric
2024,"BAJAJ AUTO LIMITED, INDIA",CT100,39,Non-Electric
2024,"BAJAJ AUTO LIMITED, INDIA",DISCOVER ES 125,498,Non-Electric
2024,"BAJAJ AUTO LIMITED, INDIA",Discover,2,Non-Electric
2024,"BAJAJ AUTO LIMITED, INDIA",,8587,Non-Electric
2024,BAJAJ AUTO LTD.INDIA,AVENGER 150,6,Non-Electric
2024,BAJAJ AUTO LTD.INDIA,AVENGER 160,9,Non-Electric
2024,BAJAJ AUTO LTD.INDIA,Avenger,53,Non-Electric
2024,BAJAJ AUTO LTD.INDIA,BAJAJ CHETAK SCOOTER,4,Non-Electric
2024,BAJAJ AUTO LTD.INDIA,Bajaj Qute,97,Non-Electric
2024,BAJAJ AUTO LTD.INDIA,Bajaj RE60,574,Non-Electric
2024,BAJAJ AUTO LTD.INDIA,CB HORNET 160R (DOUBLE DISC) 162.71CC ,1,Non-Electric
2024,BAJAJ AUTO LTD.INDIA,CT 100,360,Non-Electric
2024,BAJAJ AUTO LTD.INDIA,DISCOVER,1070,Non-Electric
2024,BAJAJ AUTO LTD.INDIA,DISCOVER ES 125,2,Non-Electric
2024,BAJAJ AUTO LTD.INDIA,Discover,14136,Non-Electric
2024,BAJAJ AUTO LTD.INDIA,Dominar,2,Non-Electric
2024,BAJAJ AUTO LTD.INDIA,FAZER,4,Non-Electric
2024,BAJAJ AUTO LTD.INDIA,GIXXER,1,Non-Electric
2024,BAJAJ AUTO LTD.INDIA,IGNITOR,3,Non-Electric
2024,BAJAJ AUTO LTD.INDIA,LIVO-DRUM-110CC,1,Non-Electric
2024,BAJAJ AUTO LTD.INDIA,PLEASURE,1,Non-Electric
2024,BAJAJ AUTO LTD.INDIA,PULSAR AS,7,Non-Electric
2024,BAJAJ AUTO LTD.INDIA,PULSAR NEON,11,Non-Electric
2024,BAJAJ AUTO LTD.INDIA,PULSAR NS,158,Non-Electric
2024,BAJAJ AUTO LTD.INDIA,PULSAR SD,1853,Non-Electric
2024,BAJAJ AUTO LTD.INDIA,PULSAR TD,674,Non-Electric
2024,BAJAJ AUTO LTD.INDIA,Platina,1778,Non-Electric
2024,BAJAJ AUTO LTD.INDIA,Pulsar,11490,Non-Electric
2024,BAJAJ AUTO LTD.INDIA,STRYKER,1,Non-Electric
2024,BAJAJ AUTO LTD.INDIA,V 15,7,Non-Electric
2024,BAJAJ AUTO LTD.INDIA,,17740,Non-Electric
2024,BANGLADESH HONDA PRIVATE LTD.,CB HORNET 160R (DOUBLE DISC) 162.71CC ,730,Non-Electric
2024,BANGLADESH HONDA PRIVATE LTD.,CB SHINE,697,Non-Electric
2024,BANGLADESH HONDA PRIVATE LTD.,CB TRIGGER (STD),19,Non-Electric
2024,BANGLADESH HONDA PRIVATE LTD.,CB-SHINE-SP-125CC,3903,Non-Electric
2024,BANGLADESH HONDA PRIVATE LTD.,CBR-150RAK,43,Non-Electric
2024,BANGLADESH HONDA PRIVATE LTD.,CD 80,3,Non-Electric
2024,BANGLADESH HONDA PRIVATE LTD.,DEAM NEO (110CC),903,Non-Electric
2024,BANGLADESH HONDA PRIVATE LTD.,DIO(STD),14,Non-Electric
2024,BANGLADESH HONDA PRIVATE LTD.,DIO-110CC,186,Non-Electric
2024,BANGLADESH HONDA PRIVATE LTD.,DREAM NEO-110CC,132,Non-Electric
2024,BANGLADESH HONDA PRIVATE LTD.,DREAM-110CC,3615,Non-Electric
2024,BANGLADESH HONDA PRIVATE LTD.,LIVO,70,Non-Electric
2024,BANGLADESH HONDA PRIVATE LTD.,LIVO-DISC-110CC,2936,Non-Electric
2024,BANGLADESH HONDA PRIVATE LTD.,LIVO-DRUM-110CC,586,Non-Electric
2024,BANGLADESH HONDA PRIVATE LTD.,X-BLADE-160CC,3384,Non-Electric
2024,BANGLADESH HONDA PRIVATE LTD.,,14554,Non-Electric
2024,BANGLORY INTL. LTD,,1,Non-Electric
2024,BEIQI FOTON MOTOR CO. LTD.,,931,Non-Electric
2024,BENTLEY,,3,Non-Electric
2024,BHAGYANAGAR CHEETAH INDIA,,2,Non-Electric
2024,BMW,,46,Non-Electric
2024,"BRILLIANCE SWM SALES CO. LTD., CN",,1,Non-Electric
2024,CHANGAN INTER:CORPO:CHINA,,22,Non-Electric
2024,CHANGQING XIN SHIDAI MACHINARY INDUSTRY CO. LTD.,,1,Non-Electric
2024,CHANGSHA FOTON CO. LTD,,191,Non-Electric
2024,CHENGLI SPECIAL AUTO .LTD,,2,Non-Electric
2024,CHERY AUTOMOBILES LTD.,,253,Non-Electric
2024,CHEVROLET,,1,Non-Electric
2024,CHINA AUTO INT.MAXI CO LTD,,1,Non-Electric
2024,"CHINA FAWGROUP, I & E CRP",,2,Non-Electric
2024,CHINA HI-TECH NEW ENERGY CO.LTD,,8,Non-Electric
2024,CHINA PUTIAN CORP.,,1,Non-Electric
2024,CHONGJING INDUSTRY CHINA,,2,Non-Electric
2024,CHONGQIN DEYUAN IMP/EXP CO. LTD,,4,Non-Electric
2024,CHONGQING CHANGJIANG  MOTORCYCLE MANUFACTURING CO.,,1,Non-Electric
2024,CHONGQING DAYAN M/C CO. LTD,,2,Non-Electric
2024,CHONGQING DONGBEN MECHANISM MANUFACTURING CO. LTD.,,1,Non-Electric
2024,CHONGQING HENSIM GRP CO. LTD. CN.,,2,Non-Electric
2024,CHONGQING KINGPOWER INNOVATION LTD.,,2,Non-Electric
2024,CHONGQING LIFAN HONGDA CO.,,2,Non-Electric
2024,CHONGQING LIFAN INDUSTRY(GROUP) CO.LTD.,,26,Non-Electric
2024,CHONGQING LIFAN(GROUP) IMP. & EXP. CO.LTD.,,27,Non-Electric
2024,CHONGQING LONCIN GROUP COMPANY LTD.,,2,Non-Electric
2024,CHONGQING LONCIN I & E CO.,,1,Non-Electric
2024,CHONGQING LONCIN IMP & EXP CO., ZAARA,1,Non-Electric
2024,CHONGQING LONCIN IMP & EXP CO.,CB-80,1,Non-Electric
2024,CHONGQING LONCIN IMP & EXP CO.,V100 LINK,2,Non-Electric
2024,CHONGQING LONCIN IMP & EXP CO.,,35,Non-Electric
2024,CHONGQING RATO INTELLIGENT CO. LTD. CN.,,17,Non-Electric
2024,CHONGQING SHINERAY AUTOMOBILE CO. LTD,,5,Non-Electric
2024,CHONGQING SOKON CO. LTD.,,36,Non-Electric
2024,CHONGQING WANHU IMP.&EXP.CO.LTD,,1,Non-Electric
2024,CHONGQING YINGANG SC,,2,Non-Electric
2024,CHONGQING ZONGO VEHICLE CO. LTD.,,5,Non-Electric
2024,CHONGQING ZONGSHEN AUTOMOBILE INDUSTRY CO.LTD.,,65,Non-Electric
2024,CHRYSLER JEEP U.S.A.,,2,Non-Electric
2024,CONTINENTAL ENGINES PVT. LTD. INDIA,,2,Non-Electric
2024,CHONQING YINGANG SCIENCE & TECH CO.LTD.CHAINA,,5,Non-Electric
2024,D.A.F.,,1,Non-Electric
2024,D.C.M TOYOTA,,2,Non-Electric
2024,DAEWOO MOTOR,,2,Non-Electric
2024,DAIHATSHU,,12,Non-Electric
2024,DAIHATSU,Daihatsu P3,1,Non-Electric
2024,DAIHATSU,,22,Non-Electric
2024,DAIMLER,,2,Non-Electric
2024,DAYANG,BULLET,7,Non-Electric
2024,DAYANG,,34,Non-Electric
2024,DAYUN,,6,Non-Electric
2024,DNC ASIATIC HOLDINGS,,2,Non-Electric
2024,DONG FENG MOTOR.CO.LTD.,,9,Non-Electric
2024,DONGFENG AUTOMOBILE CO.LTD,,21,Non-Electric
2024,DONGFENG MOTOR CORPN.,,8,Non-Electric
2024,DYL M/C LTD. PAKISTAN.,,6,Non-Electric
2024,DAIMLER INDIA COMMERCIAL VEHICLE PVT. LTD. INDIA,,24,Non-Electric
2024,EICHER INTERNATIONAL LTD,,1,Non-Electric
2024,EICHER MOTORS LTD.,EICHER 10.90L,25,Non-Electric
2024,EICHER MOTORS LTD.,EICHER 20.15,3,Non-Electric
2024,EICHER MOTORS LTD.,PRO-3015,8,Non-Electric
2024,EICHER MOTORS LTD.,WD/D,1,Non-Electric
2024,EICHER MOTORS LTD.,,1712,Non-Electric
2024,ELITE AUTO CO LTD.THAILAND,,1,Non-Electric
2024,EMMA MOTORS,,4,Non-Electric
2024,ESCORTS MOTOR CO.,,23,Non-Electric
2024,FAW GROUP CORP.,,8,Non-Electric
2024,FCA INTERNATIONAL OPERATIONS LLC,,2,Non-Electric
2024,FERRARI,,1,Non-Electric
2024,FORCE MOTORS INDIA.,,1,Non-Electric
2024,FORD,,6,Non-Electric
2024,FOSHAN CITY FOSTI M/C ENTP,,4,Non-Electric
2024,FREEDOMOTOR HONDA CORP.LTD.,TROVER,2,Non-Electric
2024,FREEDOMOTOR HONDA CORP.LTD.,,2,Non-Electric
2024,GAYAM MOTOR WORKS LTD.,,1,Non-Electric
2024,GP LIMITED. THAILAND,,145,Non-Electric
2024,GPX LIMITED. THAILAND,,119,Non-Electric
2024,GPX. TAHILAND,,44,Non-Electric
2024,GREAT WALL PICKUP,,2,Non-Electric
2024,GREATWALL JEEP.,,22,Non-Electric
2024,GUANGDONG DAFU MOTORCYCLE CO. LTD.,,1,Non-Electric
2024,GUANGDONG FODAY,,3,Non-Electric
2024,GUANGDONG TAYO M/C CO. LTD.,,42,Non-Electric
2024,GUANGZHOU AUTOBUS CO LTD.,,1,Non-Electric
2024,GUANGZHOU DAYANG M/C CO. LTD.,SPROUT(DRUM),1,Non-Electric
2024,GUANGZHOU DAYANG M/C CO. LTD.,,7,Non-Electric
2024,GUANGZHOU FEKON M/C CO. LTD.,,4,Non-Electric
2024,GUANGZHOU FEKON M/C CO. LTD. CHINA,,3,Non-Electric
2024,GUANGZHOU HAOJIN MOTORCYCLE CO.LTD.,,6,Non-Electric
2024,GUANGZHOU MOTORS GROUP CO.,,2,Non-Electric
2024,"GUANGZHOU SONLIK INDUSTRY CO.,LTD, CHINA",,2,Non-Electric
2024,HAOJIN HAILI M/C CO,,1,Non-Electric
2024,HERO HONDA MOTOR CO.,HUNK DDM,9,Non-Electric
2024,HERO HONDA MOTOR CO.,,250,Non-Electric
2024,HERO MOTOR CORP. INDIA,Discover,1,Non-Electric
2024,HERO MOTOR CORP. INDIA,FZS-V3-150CC,1,Non-Electric
2024,HERO MOTOR CORP. INDIA,GLAMOUR,346,Non-Electric
2024,HERO MOTOR CORP. INDIA,HF DELUXE,683,Non-Electric
2024,HERO MOTOR CORP. INDIA,HUNK,258,Non-Electric
2024,HERO MOTOR CORP. INDIA,HUNK DDM,59,Non-Electric
2024,HERO MOTOR CORP. INDIA,IGNITOR,432,Non-Electric
2024,HERO MOTOR CORP. INDIA,PASSION PRO,71,Non-Electric
2024,HERO MOTOR CORP. INDIA,PASSION XPRO,147,Non-Electric
2024,HERO MOTOR CORP. INDIA,PLEASURE,102,Non-Electric
2024,HERO MOTOR CORP. INDIA,Platina,1,Non-Electric
2024,HERO MOTOR CORP. INDIA,SPLENDOR PLUS ,1745,Non-Electric
2024,HERO MOTOR CORP. INDIA,SPLENDOR-SMART,22,Non-Electric
2024,HERO MOTOR CORP. INDIA,XTREME,64,Non-Electric
2024,HERO MOTOR CORP. INDIA,,4581,Non-Electric
2024,HERO SPEED,,17,Non-Electric
2024,"HIGER BUS COMPANY LIMITED.,CHINA",,9,Non-Electric
2024,HINO MOTORS LTD.,,122,Non-Electric
2024,HKF ENGINEERING(PVT) LIMITED,,1,Non-Electric
2024,HMCL NILOY BD. LTD.,CB HORNET 160R (DOUBLE DISC) 162.71CC ,1,Non-Electric
2024,HMCL NILOY BD. LTD.,Discover,1,Non-Electric
2024,HMCL NILOY BD. LTD.,FZS-V2-150CC,1,Non-Electric
2024,HMCL NILOY BD. LTD.,FZS-V3-150CC,1,Non-Electric
2024,HMCL NILOY BD. LTD.,GLAMOUR,986,Non-Electric
2024,HMCL NILOY BD. LTD.,HF DELUXE,2033,Non-Electric
2024,HMCL NILOY BD. LTD.,HUNK,880,Non-Electric
2024,HMCL NILOY BD. LTD.,IGNITOR,1345,Non-Electric
2024,HMCL NILOY BD. LTD.,ISMART-110,38,Non-Electric
2024,HMCL NILOY BD. LTD.,MESTRO,168,Non-Electric
2024,HMCL NILOY BD. LTD.,PASSION XPRO,712,Non-Electric
2024,HMCL NILOY BD. LTD.,PLEASURE,206,Non-Electric
2024,HMCL NILOY BD. LTD.,Platina,1,Non-Electric
2024,HMCL NILOY BD. LTD.,SPLENDOR PLUS ,4058,Non-Electric
2024,HMCL NILOY BD. LTD.,THRILLER 160,373,Non-Electric
2024,HMCL NILOY BD. LTD.,,8974,Non-Electric
2024,HONDA INDIA PVT.LTD,CB HORNET,68,Non-Electric
2024,HONDA INDIA PVT.LTD,CB TRIGGER,10,Non-Electric
2024,HONDA INDIA PVT.LTD,CB-SHINE,98,Non-Electric
2024,HONDA INDIA PVT.LTD,DREAM DEO,100,Non-Electric
2024,HONDA INDIA PVT.LTD,Discover,1,Non-Electric
2024,HONDA INDIA PVT.LTD,GIXXER,1,Non-Electric
2024,HONDA INDIA PVT.LTD,LIVO,167,Non-Electric
2024,HONDA INDIA PVT.LTD,LIVO(DRUM),41,Non-Electric
2024,HONDA INDIA PVT.LTD,STRYKER,3,Non-Electric
2024,HONDA INDIA PVT.LTD,,3246,Non-Electric
2024,HONDA INDONESIA,,269,Non-Electric
2024,HONDA MOTOR CO. INDONESIA,,9,Non-Electric
2024,HONDA MOTOR CO. LTD. INDONESIA,,7,Non-Electric
2024,HONDA MOTORS,Accord,17,Non-Electric
2024,HONDA MOTORS,Accord Plug-in Hybrid,2,Non-Electric
2024,HONDA MOTORS,BR-V,43,Non-Electric
2024,HONDA MOTORS,CR-V,200,Non-Electric
2024,HONDA MOTORS,CR-Z,1,Non-Electric
2024,HONDA MOTORS,City,8,Non-Electric
2024,HONDA MOTORS,Civic,35,Non-Electric
2024,HONDA MOTORS,Civic Hybrid,1,Non-Electric
2024,HONDA MOTORS,Dio,1,Non-Electric
2024,HONDA MOTORS,Dream (C70),2,Non-Electric
2024,HONDA MOTORS,Dream Neo/CD 110 Dream,3,Non-Electric
2024,HONDA MOTORS,Fit Hybrid,1,Non-Electric
2024,HONDA MOTORS,Freed,1,Non-Electric
2024,HONDA MOTORS,Grace,50,Non-Electric
2024,HONDA MOTORS,HR-V,6,Non-Electric
2024,HONDA MOTORS,Hornet(CB250F),1,Non-Electric
2024,HONDA MOTORS,Insight ,76,Non-Electric
2024,HONDA MOTORS,Livo,2,Non-Electric
2024,HONDA MOTORS,Vezel,19,Non-Electric
2024,HONDA MOTORS,X BLADE,4,Non-Electric
2024,HONDA MOTORS,XR80,1,Non-Electric
2024,HONDA MOTORS,honda Z,3,Non-Electric
2024,HONDA MOTORS,,1046,Non-Electric
2024,HONDA THAILAND,,152,Non-Electric
2024,HONDA VIETNAM,FZS DD,1,Non-Electric
2024,HPM AUTO IND.LTD,,13,Non-Electric
2024,HYNDAI MOTORS,,1,Non-Electric
2024,HYUNDAI MOTOR COMPANY,,959,Non-Electric
2024,HYUNDAI MOTORS,Santa Fe,1,Non-Electric
2024,HYUNDAI MOTORS,,15,Non-Electric
2024,HUBEI SHUNGFENG AUTOMOBILE CO. LTD.,,1,Non-Electric
2024,INDIA YAMAHA MOTORS PVT.LTD.,ALPHA,4,Non-Electric
2024,INDIA YAMAHA MOTORS PVT.LTD.,Discover,1,Non-Electric
2024,INDIA YAMAHA MOTORS PVT.LTD.,FAZAR-V2-150CC,67,Non-Electric
2024,INDIA YAMAHA MOTORS PVT.LTD.,FAZER,1,Non-Electric
2024,INDIA YAMAHA MOTORS PVT.LTD.,FAZER F1 V2.0,197,Non-Electric
2024,INDIA YAMAHA MOTORS PVT.LTD.,FZS DD,4061,Non-Electric
2024,INDIA YAMAHA MOTORS PVT.LTD.,FZS-V3-150CC,3410,Non-Electric
2024,INDIA YAMAHA MOTORS PVT.LTD.,MT-15-155CC,236,Non-Electric
2024,INDIA YAMAHA MOTORS PVT.LTD.,R15-V3-155CC,336,Non-Electric
2024,INDIA YAMAHA MOTORS PVT.LTD.,RAYZR-113CC,24,Non-Electric
2024,INDIA YAMAHA MOTORS PVT.LTD.,SALUTO,294,Non-Electric
2024,INDIA YAMAHA MOTORS PVT.LTD.,SZRR(SE),2,Non-Electric
2024,INDIA YAMAHA MOTORS PVT.LTD.,XSR-155CC,3,Non-Electric
2024,INDIA YAMAHA MOTORS PVT.LTD.,YAMAHA FZS,236,Non-Electric
2024,INDIA YAMAHA MOTORS PVT.LTD.,YAMAHA FZS V3.0 B8T200-010CMDPBM,17,Non-Electric
2024,INDIA YAMAHA MOTORS PVT.LTD.,,6849,Non-Electric
2024,INTTL(INTERNATIONAL) TRACTOR LTD.,,7,Non-Electric
2024,ISUZU MOTOR LIMITED,D-Max,1,Non-Electric
2024,ISUZU MOTOR LIMITED,Isuzu D-Max,6,Non-Electric
2024,ISUZU MOTOR LIMITED,Isuzu Zaccar,1,Non-Electric
2024,ISUZU MOTOR LIMITED,,460,Non-Electric
2024,ITMCO,,4,Non-Electric
2024,IVECO.S.P.A. ITALY,,3,Non-Electric
2024,JAGUAR,,1,Non-Electric
2024,JAINGMEN CITY DIHAO MCY CO.,,1,Non-Electric
2024,JAMUNA ELEC & AUTO LTD.,,57,Non-Electric
2024,JEEP CORPORATION,,1,Non-Electric
2024,JIALING MACHINE,,1,Non-Electric
2024,JIANGMEN DACHANGJIANG CO.,KA135,7,Non-Electric
2024,JIANGMEN DACHANGJIANG CO.,,17,Non-Electric
2024,JIANGMEN DSEHANGJIANG CO. CHINA,HAOJUE KA-135,1,Non-Electric
2024,JIANGMEN DSEHANGJIANG CO. CHINA,HAOJUE TR-150,1,Non-Electric
2024,JIANGMEN DSEHANGJIANG CO. CHINA,,2,Non-Electric
2024,JIANGMEN HAOJUE I & E CO.,,5,Non-Electric
2024,JIANGMEN SUZUKI MOTORS,,12,Non-Electric
2024,JIANGXI JIANGLING MOTORS IMPORT AND EXPORT CO.LTD.,,118,Non-Electric
2024,JINAN QINGQI SUZUKI MOTORCYCLE CO. LTD,,376,Non-Electric
2024,JOHN DEERE LTD,,6,Non-Electric
2024,KAWASAKI,,1,Non-Electric
2024,KAWASAKI THAILAND CO.LTD.,,1,Non-Electric
2024,KAWASAKI. INDONESIA,,25,Non-Electric
2024,KIA MOTORS,,92,Non-Electric
2024,KIA MOTORS INDIA PRIVATE LTD.,,8,Non-Electric
2024,KOBEL CO,,1,Non-Electric
2024,KOMATSU LTD.,,2,Non-Electric
2024,KTM INDIA,RC125CC,2,Non-Electric
2024,KTM INDIA,,43,Non-Electric
2024,LAND ROVER,,21,Non-Electric
2024,LIFAN,X-BLADE-160CC,1,Non-Electric
2024,LIFAN,,14,Non-Electric
2024,LIFAN IND.QIPAI CHINA,,19,Non-Electric
2024,LIFENG GROUP CO.LTD.CHINA.,,4,Non-Electric
2024,LML LIMITED,,5,Non-Electric
2024,LOTUS,,2,Non-Electric
2024,LUOYANG NORTHERN EKCHOR,,21,Non-Electric
2024,M.M.C JAPAN,,3,Non-Electric
2024,M/S. ACI MOTORS LTD.,DIO-110CC,1,Non-Electric
2024,M/S. ACI MOTORS LTD.,FAZER,176,Non-Electric
2024,M/S. ACI MOTORS LTD.,FZS-V2-150CC,10737,Non-Electric
2024,M/S. ACI MOTORS LTD.,FZS-V3-150CC,6952,Non-Electric
2024,M/S. ACI MOTORS LTD.,Pulsar,1,Non-Electric
2024,M/S. ACI MOTORS LTD.,SALUTO-125CC,736,Non-Electric
2024,M/S. ACI MOTORS LTD.,,15070,Non-Electric
2024,M/S. RANCON MOTORBIKES LTD. BANGLADESH,ACCESS-DISC,270,Non-Electric
2024,M/S. RANCON MOTORBIKES LTD. BANGLADESH,ACCESS-DRUM,11,Non-Electric
2024,M/S. RANCON MOTORBIKES LTD. BANGLADESH,BANDIT,1,Non-Electric
2024,M/S. RANCON MOTORBIKES LTD. BANGLADESH,BANDIT DUEL CHANNEL ABS,6,Non-Electric
2024,M/S. RANCON MOTORBIKES LTD. BANGLADESH,DIO-110CC,1,Non-Electric
2024,M/S. RANCON MOTORBIKES LTD. BANGLADESH,Discover,4,Non-Electric
2024,M/S. RANCON MOTORBIKES LTD. BANGLADESH,GIXXER,9264,Non-Electric
2024,M/S. RANCON MOTORBIKES LTD. BANGLADESH,GIXXER CARB-DISC,382,Non-Electric
2024,M/S. RANCON MOTORBIKES LTD. BANGLADESH,GIXXER FI-ABS,1579,Non-Electric
2024,M/S. RANCON MOTORBIKES LTD. BANGLADESH,GIXXER SF FI -ABS,1191,Non-Electric
2024,M/S. RANCON MOTORBIKES LTD. BANGLADESH,GIXXER SF-GP-DD,96,Non-Electric
2024,M/S. RANCON MOTORBIKES LTD. BANGLADESH,GIXXER SF-GP-DD-FI,77,Non-Electric
2024,M/S. RANCON MOTORBIKES LTD. BANGLADESH,GIXXER-DT-DD,130,Non-Electric
2024,M/S. RANCON MOTORBIKES LTD. BANGLADESH,GIXXERSF CARB-DISC,88,Non-Electric
2024,M/S. RANCON MOTORBIKES LTD. BANGLADESH,GSX 125 ,444,Non-Electric
2024,M/S. RANCON MOTORBIKES LTD. BANGLADESH,GSX-R DUEL CHANNEL ABS,118,Non-Electric
2024,M/S. RANCON MOTORBIKES LTD. BANGLADESH,GSXR 150,120,Non-Electric
2024,M/S. RANCON MOTORBIKES LTD. BANGLADESH,HAYATE-EP,609,Non-Electric
2024,M/S. RANCON MOTORBIKES LTD. BANGLADESH,INTRUDER-GLA- ABS,3,Non-Electric
2024,M/S. RANCON MOTORBIKES LTD. BANGLADESH,INTRUDER-RLA-FI ABS,5,Non-Electric
2024,M/S. RANCON MOTORBIKES LTD. BANGLADESH,SAMURAL 150,5,Non-Electric
2024,M/S. RANCON MOTORBIKES LTD. BANGLADESH,SUZUKI-GE110,46,Non-Electric
2024,M/S. RANCON MOTORBIKES LTD. BANGLADESH,SUZUKI-SF-GIXXER,7,Non-Electric
2024,M/S. RANCON MOTORBIKES LTD. BANGLADESH,,15818,Non-Electric
2024,M/S. TRANS ASIA INDUSTRIES LTD.,DISCOVER125,353,Non-Electric
2024,M/S. TRANS ASIA INDUSTRIES LTD.,Discover,7,Non-Electric
2024,M/S. TRANS ASIA INDUSTRIES LTD.,PULSAR NS,1,Non-Electric
2024,M/S. TRANS ASIA INDUSTRIES LTD.,Pulsar,4,Non-Electric
2024,M/S. TRANS ASIA INDUSTRIES LTD.,,1322,Non-Electric
2024,MAHINDRA & MAHINDRA,GUSTO,1,Non-Electric
2024,MAHINDRA & MAHINDRA,MAXXIMO PLUS VX,1,Non-Electric
2024,MAHINDRA & MAHINDRA,,962,Non-Electric
2024,MAHINDRA TWO WHEELERS LTD,CENTURO 01,3,Non-Electric
2024,MAHINDRA TWO WHEELERS LTD,CENTURO DB,1,Non-Electric
2024,MAHINDRA TWO WHEELERS LTD,,34,Non-Electric
2024,MARUTI SUZUKI  LTD.,,72,Non-Electric
2024,MASERATI,,1,Non-Electric
2024,MAZDA,Axela,6,Non-Electric
2024,MAZDA,Mazda 2,1,Non-Electric
2024,MAZDA, Roadpacer,3,Non-Electric
2024,MAZDA,,41,Non-Electric
2024,MERCEDES,,13,Non-Electric
2024,MERCEDES-BENZ,,65,Non-Electric
2024,MERCEDES-BENZ,,13,Non-Electric
2024,MESSY FERQUSEN,,1,Non-Electric
2024,MITSUBISHI FUSO TRUCK AND BUS CORP.,,131,Non-Electric
2024,MITSUBISHI M. CO. LTD.,Attrage,1,Non-Electric
2024,MITSUBISHI M. CO. LTD.,Eclipse Cross,31,Non-Electric
2024,MITSUBISHI M. CO. LTD.,L200,79,Non-Electric
2024,MITSUBISHI M. CO. LTD.,Mitsubshi 360,1,Non-Electric
2024,MITSUBISHI M. CO. LTD.,Outlander,28,Non-Electric
2024,MITSUBISHI M. CO. LTD.,Pajero,1,Non-Electric
2024,MITSUBISHI M. CO. LTD.,Pajero Sport,9,Non-Electric
2024,MITSUBISHI M. CO. LTD.,Xpander,63,Non-Electric
2024,MITSUBISHI M. CO. LTD.,,675,Non-Electric
2024,MONIKA MOTORS THAILAND.,,1,Non-Electric
2024,"MITUSBISHI TRUCK AND BUS CORPORATION., JAPAN.",,1,Non-Electric
2024,N.I.SYNDICATE AUTO IND.,,12,Non-Electric
2024,NANHAI ZHONGMO CO.CHINA,CRUISER,2,Non-Electric
2024,"NEW GRAMEEN MOTORS, BD", ZAARA,22,Non-Electric
2024,"NEW GRAMEEN MOTORS, BD",150,13,Non-Electric
2024,"NEW GRAMEEN MOTORS, BD",DD110-VX,13,Non-Electric
2024,"NEW GRAMEEN MOTORS, BD",DD125-6A,1,Non-Electric
2024,"NEW GRAMEEN MOTORS, BD",DD80H,7,Non-Electric
2024,"NEW GRAMEEN MOTORS, BD",DISCOVER ES 125,1,Non-Electric
2024,"NEW GRAMEEN MOTORS, BD",GP (165CC),51,Non-Electric
2024,"NEW GRAMEEN MOTORS, BD",H 100C,3,Non-Electric
2024,"NEW GRAMEEN MOTORS, BD",H POWER,12,Non-Electric
2024,"NEW GRAMEEN MOTORS, BD",ZAARA 110,74,Non-Electric
2024,"NEW GRAMEEN MOTORS, BD",,67,Non-Electric
2024,NINGBO LONGJIA M/C CO LTD,,65,Non-Electric
2024,NISSAN,Nissan Patrol,2,Non-Electric
2024,NISSAN,Serena,1,Non-Electric
2024,NISSAN,Stanza Wagon,1,Non-Electric
2024,NISSAN,X-Trail,106,Non-Electric
2024,NISSAN,,476,Non-Electric
2024,NOOMA SCI AND TECH CO.LTD,,14,Non-Electric
2024,NOT AVAILABLE,,3,Non-Electric
2024,OMODA AND JAECOO AUTO CO. LTD,,27,Non-Electric
2024,PAK SUZUKI MOTOR,,12,Non-Electric
2024,PERODUA SALES SDN.BHD.MALAYSIA,,12,Non-Electric
2024,PERUSAHAAN OTOMOBIL NASIONAL BERHAD,,1,Non-Electric
2024,PEUGEOT MOTOR CO. FRANCE,,3,Non-Electric
2024,PIAGGIO FOSHAN M/C CHINA.,,2,Non-Electric
2024,PIAGGIO VEHICLES LTD.,,205,Non-Electric
2024,PIAGGIO VEHICLES LTD. INDIA.,VESPA VXL-125,2,Non-Electric
2024,PIAGGIO VEHICLES LTD. INDIA.,,34,Non-Electric
2024,PIAGGIO(VESPA),VESPA VXL-125,1,Non-Electric
2024,PIAGGIO(VESPA),,17,Non-Electric
2024,PIAGGO VECHILES PVT. LTD. INDIA,,135,Non-Electric
2024,PORSCHE,,3,Non-Electric
2024,PROTON,,151,Non-Electric
2024,"PT SGMW MOTOR, INDONESIA",,4,Non-Electric
2024,PT TVS MOTOR COMPANY INDONESIA LTD.,,362,Non-Electric
2024,"PT.SOKONINDO AUTOMOBILE, INDONESIA",,13,Non-Electric
2024,QIANJIANG MOTORS LTD,RKS-100CC,4,Non-Electric
2024,QIANJIANG MOTORS LTD,RKS150,5,Non-Electric
2024,QIANJIANG MOTORS LTD,,38,Non-Electric
2024,QINGQI M CYCLE GP GL CORP.,,2,Non-Electric
2024,RAHUL COACH BUILDERS LTD,,4,Non-Electric
2024,RANGE ROVER,,13,Non-Electric
2024,RANGS MOTORCYCLE CO,,5,Non-Electric
2024,ROAD MASTER MOTORS,VELOCITY,9,Non-Electric
2024,ROAD MASTER MOTORS,,18,Non-Electric
2024,ROADMASTER MOTORS LTD,DELIGHT,3,Non-Electric
2024,ROADMASTER MOTORS LTD,PRIME-100,4,Non-Electric
2024,ROADMASTER MOTORS LTD,,14,Non-Electric
2024,RUNNER,AD80S DELUXE,264,Non-Electric
2024,RUNNER,BULLET,27,Non-Electric
2024,RUNNER,CHEETA,16,Non-Electric
2024,RUNNER,F100-6A,32,Non-Electric
2024,RUNNER,KITE RT,15,Non-Electric
2024,RUNNER,KITE+,54,Non-Electric
2024,RUNNER,RENEGADE SPORT,8,Non-Electric
2024,RUNNER,TURBO-125,24,Non-Electric
2024,RUNNER,,1024,Non-Electric
2024,RUNNER,Bajaj RE60,1,Non-Electric
2024,RUNNER,,2804,Non-Electric
2024,SAIC MOTOR CORPORATION LTD. CHINA,,97,Non-Electric
2024,SANY HEAVY INDUSTRY CO. LTD.,,2,Non-Electric
2024,SCANIA,,2,Non-Electric
2024,SCOOTERS INDIA LTD.,,1,Non-Electric
2024,SEAT,,1,Non-Electric
2024,SHANDONG SHIFENG CO. LTD.,,1,Non-Electric
2024,SHANDONG TANGJUN OULING AUTOMOBILE MANUFA CO LTD C,,69,Non-Electric
2024,SHANGDONG KAMA AUTOMOBILE MANUFACTURING CO. LTD.,,22,Non-Electric
2024,SIL,,1,Non-Electric
2024,SINOTRUK IMP & EXP CO. LTD.,,16,Non-Electric
2024,SINOTRUK INTERNATIONAL,,57,Non-Electric
2024,SML ISUZU LTD,,127,Non-Electric
2024,SPEED MOTORS CONSORTIUM LTD.,,1,Non-Electric
2024,SPEEDOZ LIMITED.BD,,127,Non-Electric
2024,SSANGYONG MOTOR COMPANY,,5,Non-Electric
2024,SUBARU,,10,Non-Electric
2024,SUZUKI,Access 125,6,Non-Electric
2024,SUZUKI,DR-Z110,1,Non-Electric
2024,SUZUKI,FA50 (Suzuki Shuttle),1,Non-Electric
2024,SUZUKI,GSX 150 Gixxer,182,Non-Electric
2024,SUZUKI,GSX 150F Gixxer SF,8,Non-Electric
2024,SUZUKI,GSX-R125,3,Non-Electric
2024,SUZUKI,GSX-R150,11,Non-Electric
2024,SUZUKI,GSX-RR,1,Non-Electric
2024,SUZUKI,JINCHENG SUZUKI,1,Non-Electric
2024,SUZUKI,Jimny,1,Non-Electric
2024,SUZUKI,Suzuki Lets,3,Non-Electric
2024,SUZUKI,Suzuki Suzumoped,2,Non-Electric
2024,SUZUKI,TC 100,5,Non-Electric
2024,SUZUKI,TC 125 Prospector,1,Non-Electric
2024,SUZUKI,,1959,Non-Electric
2024,SUZUKI INDONESIA,,134,Non-Electric
2024,SUZUKI M/C INDIA LTD,CB SHINE,1,Non-Electric
2024,SUZUKI M/C INDIA LTD,FZS-V2-150CC,1,Non-Electric
2024,SUZUKI M/C INDIA LTD,FZS-V3-150CC,1,Non-Electric
2024,SUZUKI M/C INDIA LTD,GE 110D,58,Non-Electric
2024,SUZUKI M/C INDIA LTD,GE110,83,Non-Electric
2024,SUZUKI M/C INDIA LTD,GIXXER,1,Non-Electric
2024,SUZUKI M/C INDIA LTD,GIXXER 5F,520,Non-Electric
2024,SUZUKI M/C INDIA LTD,GIXXER SF-GP-DD-FI,1,Non-Electric
2024,SUZUKI M/C INDIA LTD,LIVO-DISC-110CC,1,Non-Electric
2024,SUZUKI M/C INDIA LTD,SPLENDOR PLUS ,1,Non-Electric
2024,SUZUKI M/C INDIA LTD,SUZUKI-SF-GIXXER,1726,Non-Electric
2024,SUZUKI M/C INDIA LTD,,8890,Non-Electric
2024,SUZUKI MOTOR CORP.THAILAND,,8,Non-Electric
2024,SWARAJ MAZDA LTD,SML SAMRAT XM,6,Non-Electric
2024,SWARAJ MAZDA LTD,,18,Non-Electric
2024,T.V.S(CENTRA),,1,Non-Electric
2024,TADANO LTD. JAPAN,,1,Non-Electric
2024,TAFE LIMITED,,643,Non-Electric
2024,TAIZHOU ZHONGNENG M/C CHINA,,1,Non-Electric
2024,TATA,ACE EX2,154,Non-Electric
2024,TATA,LP 407,11,Non-Electric
2024,TATA,LP 709,13,Non-Electric
2024,TATA,LP 909,32,Non-Electric
2024,TATA,LPK 2518,16,Non-Electric
2024,TATA,LPO 1316,2,Non-Electric
2024,TATA,LPO 1512,2,Non-Electric
2024,TATA,LPO 1618,1,Non-Electric
2024,TATA,LPT 1010,4,Non-Electric
2024,TATA,LPT 1109,20,Non-Electric
2024,TATA,LPT 1212,15,Non-Electric
2024,TATA,LPT 1613,1,Non-Electric
2024,TATA,LPT 1615,5,Non-Electric
2024,TATA,LPT 709,7,Non-Electric
2024,TATA,LPT 909,2,Non-Electric
2024,TATA,TATA,10,Non-Electric
2024,TATA,TATA 1109,22,Non-Electric
2024,TATA,TATA 2518C,2,Non-Electric
2024,TATA,TATA Ace,80,Non-Electric
2024,TATA,Tata 1613,1,Non-Electric
2024,TATA,Tata 1615,9,Non-Electric
2024,TATA,Tata 1615c,1,Non-Electric
2024,TATA,Tata 1616,10,Non-Electric
2024,TATA,Tata 1616c,1,Non-Electric
2024,TATA,Tata 1618c,3,Non-Electric
2024,TATA,Tata 207,1,Non-Electric
2024,TATA,Tata 2518c,4,Non-Electric
2024,TATA,Tata 3118,1,Non-Electric
2024,TATA,Tata 407,1,Non-Electric
2024,TATA,Tata 407 Ex,10,Non-Electric
2024,TATA,Tata 407 Ex2,5,Non-Electric
2024,TATA,Tata 709 Ex,3,Non-Electric
2024,TATA,Tata 909 Ex,6,Non-Electric
2024,TATA,Tata 909 Ex2,1,Non-Electric
2024,TATA,Tata LPT 709 E,3,Non-Electric
2024,TATA,Tata Xenon,10,Non-Electric
2024,TATA,ULTRA 1012,1,Non-Electric
2024,TATA,,5582,Non-Electric
2024,THAI SUZUKI MOTOR CO.LTD,,10,Non-Electric
2024,THE FIRST AUTOMOBILE WORKS (FAW),,4,Non-Electric
2024,TOYO KOGYO,,4,Non-Electric
2024,TOYOTA M. CROP.,1000,2,Non-Electric
2024,TOYOTA M. CROP.,AA ,4,Non-Electric
2024,TOYOTA M. CROP.,Allion,131,Non-Electric
2024,TOYOTA M. CROP.,Alphard,32,Non-Electric
2024,TOYOTA M. CROP.,Avanza,5,Non-Electric
2024,TOYOTA M. CROP.,C-HR,188,Non-Electric
2024,TOYOTA M. CROP.,Camry,4,Non-Electric
2024,TOYOTA M. CROP.,Coaster,2,Non-Electric
2024,TOYOTA M. CROP.,Corolla,213,Non-Electric
2024,TOYOTA M. CROP.,Corolla Axio,893,Non-Electric
2024,TOYOTA M. CROP.,Corolla Fielder,230,Non-Electric
2024,TOYOTA M. CROP.,Corolla Rumion,2,Non-Electric
2024,TOYOTA M. CROP.,Corolla Verso ,2,Non-Electric
2024,TOYOTA M. CROP.,Corsa,1,Non-Electric
2024,TOYOTA M. CROP.,Crown,12,Non-Electric
2024,TOYOTA M. CROP.,Dyna,10,Non-Electric
2024,TOYOTA M. CROP.,Esquire,547,Non-Electric
2024,TOYOTA M. CROP.,"Etios Liva, Etios Cross",74,Non-Electric
2024,TOYOTA M. CROP.,Grand Hiace ,1,Non-Electric
2024,TOYOTA M. CROP.,Harrier,362,Non-Electric
2024,TOYOTA M. CROP.,Hiace,337,Non-Electric
2024,TOYOTA M. CROP.,Highander,13,Non-Electric
2024,TOYOTA M. CROP.,Hilux,1,Non-Electric
2024,TOYOTA M. CROP.,Land Cruiser,8,Non-Electric
2024,TOYOTA M. CROP.,Land Cruiser Prado,90,Non-Electric
2024,TOYOTA M. CROP.,Lexcen ,8,Non-Electric
2024,TOYOTA M. CROP.,Liteace,3,Non-Electric
2024,TOYOTA M. CROP.,Noah,426,Non-Electric
2024,TOYOTA M. CROP.,Pickup ,2,Non-Electric
2024,TOYOTA M. CROP.,Pixis Mega,1,Non-Electric
2024,TOYOTA M. CROP.,Premio,510,Non-Electric
2024,TOYOTA M. CROP.,Prius,367,Non-Electric
2024,TOYOTA M. CROP.,Prius C,2,Non-Electric
2024,TOYOTA M. CROP.,Prius PHV,1,Non-Electric
2024,TOYOTA M. CROP.,Probox Van,1,Non-Electric
2024,TOYOTA M. CROP.,RAV4,33,Non-Electric
2024,TOYOTA M. CROP.,RH ,1,Non-Electric
2024,TOYOTA M. CROP.,Regiusace,2,Non-Electric
2024,TOYOTA M. CROP.,Regius ,1,Non-Electric
2024,TOYOTA M. CROP.,Rush,16,Non-Electric
2024,TOYOTA M. CROP.,Sequoia,1,Non-Electric
2024,TOYOTA M. CROP.,Sienna,1,Non-Electric
2024,TOYOTA M. CROP.,Sienta,52,Non-Electric
2024,TOYOTA M. CROP.,Succeed Van,6,Non-Electric
2024,TOYOTA M. CROP.,TOYOTA PRIUS ALPHA,9,Non-Electric
2024,TOYOTA M. CROP.,Townace,3,Non-Electric
2024,TOYOTA M. CROP.,Vellfire,1,Non-Electric
2024,TOYOTA M. CROP.,Vitz,2,Non-Electric
2024,TOYOTA M. CROP.,Voxy,44,Non-Electric
2024,TOYOTA M. CROP.,Yaris,26,Non-Electric
2024,TOYOTA M. CROP.,Yaris Verso ,2,Non-Electric
2024,TOYOTA M. CROP.,,16042,Non-Electric
2024,TUK TUK CO.,,1,Non-Electric
2024,TVS AUTO BANGLADESH LTD.,APACHE RTR 160CC,626,Non-Electric
2024,TVS AUTO BANGLADESH LTD.,APACHE RTR 4V,1601,Non-Electric
2024,TVS AUTO BANGLADESH LTD.,CB HORNET 160R (DOUBLE DISC) 162.71CC ,1,Non-Electric
2024,TVS AUTO BANGLADESH LTD.,Discover,4,Non-Electric
2024,TVS AUTO BANGLADESH LTD.,FZS-V3-150CC,1,Non-Electric
2024,TVS AUTO BANGLADESH LTD.,GIXXER,1,Non-Electric
2024,TVS AUTO BANGLADESH LTD.,RADEON,157,Non-Electric
2024,TVS AUTO BANGLADESH LTD.,TVS METRO ES N,595,Non-Electric
2024,TVS AUTO BANGLADESH LTD.,TVS METRO PLUS DISC,747,Non-Electric
2024,TVS AUTO BANGLADESH LTD.,TVS STR YKER,957,Non-Electric
2024,TVS AUTO BANGLADESH LTD.,XL 100CC,97,Non-Electric
2024,TVS AUTO BANGLADESH LTD.,,8080,Non-Electric
2024,TVS MOTOR COMPANY LIMITED,APACHE RTR 160CC,1,Non-Electric
2024,TVS MOTOR COMPANY LIMITED,APACHE RTR 4V,1648,Non-Electric
2024,TVS MOTOR COMPANY LIMITED,CB HORNET 160R (DOUBLE DISC) 162.71CC ,1,Non-Electric
2024,TVS MOTOR COMPANY LIMITED,FZS-V2-150CC,1,Non-Electric
2024,TVS MOTOR COMPANY LIMITED,JUPITER,3,Non-Electric
2024,TVS MOTOR COMPANY LIMITED,METRO ES,809,Non-Electric
2024,TVS MOTOR COMPANY LIMITED,METRO PLUS,2698,Non-Electric
2024,TVS MOTOR COMPANY LIMITED,Pulsar,1,Non-Electric
2024,TVS MOTOR COMPANY LIMITED,RADEON,178,Non-Electric
2024,TVS MOTOR COMPANY LIMITED,STRYKER,1079,Non-Electric
2024,TVS MOTOR COMPANY LIMITED,TVS APACHE RTR,1052,Non-Electric
2024,TVS MOTOR COMPANY LIMITED,TVS NTORQ,445,Non-Electric
2024,TVS MOTOR COMPANY LIMITED,TVS Scooty,5,Non-Electric
2024,TVS MOTOR COMPANY LIMITED,TVS Wego,244,Non-Electric
2024,TVS MOTOR COMPANY LIMITED,XL-100,190,Non-Electric
2024,TVS MOTOR COMPANY LIMITED,,9311,Non-Electric
2024,TVS SUZUKI LIMITED,,10,Non-Electric
2024,TVS VICTOR,,1,Non-Electric
2024,TVS.KING MOTOR CO.LTD,,1,Non-Electric
2024,VOLKSWAGEN,,1,Non-Electric
2024,VOLVO,,1,Non-Electric
2024,WALTON HI-TEC IND. BD. LTD.,,3,Non-Electric
2024,WALTON HI-TEC INDUSTRIES LTD,LEO+,1,Non-Electric
2024,WALTON HI-TEC INDUSTRIES LTD,,7,Non-Electric
2024,WANG JIANG MACHINERY,,1,Non-Electric
2024,WANHU THREE WHEELER,,1,Non-Electric
2024,WOULING MOTORS CO. LTD.,Formo,1,Non-Electric
2024,WUXI FEIHAO INTL TRADE LTD,,89,Non-Electric
2024,WUYANG HONDA MOTORS(GUANGZHOU) CO.LTD,WY 125-E,2,Non-Electric
2024,WUYANG HONDA MOTORS(GUANGZHOU) CO.LTD,,3,Non-Electric
2024,XIAMEN XIASHING M/C CO. LTD,,3,Non-Electric
2024,XUZHOU CONSTRUCTION CO.,,1,Non-Electric
2024,XUZHOU MACHINERY CO. LTD. CN.,,1,Non-Electric
2024,"YAHAO MOTORCYCLE INDUSTRIAL DEVELOPMENT, COM.",,6,Non-Electric
2024,YAMAHA,DS7,1,Non-Electric
2024,YAMAHA,FAZER,2,Non-Electric
2024,YAMAHA,FZ1/FZ6,1,Non-Electric
2024,YAMAHA,FZ150i / V-Ixion,2,Non-Electric
2024,YAMAHA,FZR400RR,1,Non-Electric
2024,YAMAHA,FZS-V2-150CC,1,Non-Electric
2024,YAMAHA,FZS600,19,Non-Electric
2024,YAMAHA,FZX700/750 Fazer,2,Non-Electric
2024,YAMAHA,MT-01,1,Non-Electric
2024,YAMAHA,MT-07,1,Non-Electric
2024,YAMAHA,MT-09 / FZ-09,1,Non-Electric
2024,YAMAHA,R15 VERSION 3.0,8,Non-Electric
2024,YAMAHA,RD350,1,Non-Electric
2024,YAMAHA,RD350LC,1,Non-Electric
2024,YAMAHA,RD400,1,Non-Electric
2024,YAMAHA,RX-Z,1,Non-Electric
2024,YAMAHA,,3395,Non-Electric
2024,YAMAHA ESCORTS LTD.,,2,Non-Electric
2024,YAMAHA INDONESIA,,1540,Non-Electric
2024,YAMAHA MOTOR CO. LTD. THAILAND,R15,4,Non-Electric
2024,YAMAHA MOTOR CO. LTD. THAILAND,,28,Non-Electric
2024,YAMAHA MOTOR CO.LTD,,2222,Non-Electric
2024,YAMAHA MOTOR INDIA PVT.LTD.,FAZER FI V2.0 ,147,Non-Electric
2024,YAMAHA MOTOR INDIA PVT.LTD.,FZS DD,1,Non-Electric
2024,YAMAHA MOTOR INDIA PVT.LTD.,FZS-V3-150CC,1,Non-Electric
2024,YAMAHA MOTOR INDIA PVT.LTD.,SALUTO-125CC,1,Non-Electric
2024,YAMAHA MOTOR INDIA PVT.LTD.,,2358,Non-Electric
2024,YAMASAKI M/C CO. LTD,,1,Non-Electric
2024,YUTONG BUS CO. LTD.,,1,Non-Electric
2024,ZANGCHENG FREEDOM M/C,,1,Non-Electric
2024,ZENGCHENG HAILI AZUBA CHINA,,1,Non-Electric
2024,ZENGCHENG HAILI M/C CO.LTD.,,1,Non-Electric
2024,"ZHEJAING JIAJUE MOTOR CO, LTD. CHINA.",,1,Non-Electric
2024,ZHEJIANG CFMOTO CO.LTD.,,2,Non-Electric
2024,ZHEJIANG GEELY MING IND.CO.LTD,,11,Non-Electric
2024,ZHEJIANG KAIKAI MEIDUO CO.,,1,Non-Electric
2024,ZHEJIANG ZHONGNENG CO. LTD,,22,Non-Electric
2024,ZHENGZHOU DONGFENG CO LTD,,2,Non-Electric
2024,ZHENGZHOW NISSAN CO. CHAINA,,1,Non-Electric
2024,ZONGSHEN AUTO INS. CO.,,7,Non-Electric
2024,ZONGSHEN GRP I/E CORP CHINA,,1,Non-Electric
2024,ZOOMLION INTL TRADING CO.LTD,,5,Non-Electric
2024,"ZHEJIANG CHUANGTAI M/C CO., LTD.",GP-1,8,Non-Electric
2024,"ZHEJIANG CHUANGTAI M/C CO., LTD.",,21,Non-Electric
2024,ZONGSHEN PIAGGIO FOSHAN MOTORCYCLE CO. LTD. CHINA,,3,Non-Electric
2025,(M/S RASEL INDUSTRIES LTD.BANGLADESH.),V80XPRESS,7,Non-Electric
2025,(M/S RASEL INDUSTRIES LTD.BANGLADESH.),,202,Non-Electric
2025,5R MOTORS (GUANZHOU) CO. LTD,,1,Non-Electric
2025,5R MOTORS SIFANG CHINA,,2,Non-Electric
2025,A.P HONDA THAILAND,,5,Non-Electric
2025,AFTAB AUTOMOBILES LTD.,,20,Non-Electric
2025,AMBASSADOR,,7,Non-Electric
2025,ANHUI JIANGHUAI AUTOMOBILE CO LTD,HFC1042KD,2,Non-Electric
2025,ANHUI JIANGHUAI AUTOMOBILE CO LTD,,188,Non-Electric
2025,APRILIA ITALY,,5,Non-Electric
2025,ASHOKE LEYLAND,1616IL,2,Non-Electric
2025,ASHOKE LEYLAND,2518,3,Non-Electric
2025,ASHOKE LEYLAND,B-1616,9,Non-Electric
2025,ASHOKE LEYLAND,B-1818,2,Non-Electric
2025,ASHOKE LEYLAND,DOST,7,Non-Electric
2025,ASHOKE LEYLAND,DOST PLUS,3,Non-Electric
2025,ASHOKE LEYLAND,ECOMET-1214,3,Non-Electric
2025,ASHOKE LEYLAND,ECOMET-1214XL,21,Non-Electric
2025,ASHOKE LEYLAND,PARTNER-2850,11,Non-Electric
2025,ASHOKE LEYLAND,,3760,Non-Electric
2025,ATLAS BANGLADESH LTD.,CD DELUXE,1,Non-Electric
2025,ATLAS BANGLADESH LTD.,SUPER SPLENDOR,4,Non-Electric
2025,ATLAS BANGLADESH LTD.,,10,Non-Electric
2025,ATLAS HONDA LTD.,,4,Non-Electric
2025,ATUL AUTO LTD.,,6,Non-Electric
2025,AUDI,Audi A6 ,3,Non-Electric
2025,AUDI,,1,Non-Electric
2025,"BAIC INTERNATIONAL DEVELOPMENT CO.LTD,CHINA.",,15,Non-Electric
2025,"BAJAJ AUTO LIMITED, INDIA",CT100,33,Non-Electric
2025,"BAJAJ AUTO LIMITED, INDIA",DISCOVER ES 125,512,Non-Electric
2025,"BAJAJ AUTO LIMITED, INDIA",,6482,Non-Electric
2025,BAJAJ AUTO LTD.INDIA,APACHE RTR 4V,1,Non-Electric
2025,BAJAJ AUTO LTD.INDIA,AVENGER 150,1,Non-Electric
2025,BAJAJ AUTO LTD.INDIA,AVENGER 160,7,Non-Electric
2025,BAJAJ AUTO LTD.INDIA,Avenger,29,Non-Electric
2025,BAJAJ AUTO LTD.INDIA,Bajaj Qute,5,Non-Electric
2025,BAJAJ AUTO LTD.INDIA,Bajaj RE60,2,Non-Electric
2025,BAJAJ AUTO LTD.INDIA,CT 100,213,Non-Electric
2025,BAJAJ AUTO LTD.INDIA,DISCOVER,877,Non-Electric
2025,BAJAJ AUTO LTD.INDIA,DISCOVER ES 125,1,Non-Electric
2025,BAJAJ AUTO LTD.INDIA,Discover,11798,Non-Electric
2025,BAJAJ AUTO LTD.INDIA,Dominar,3,Non-Electric
2025,BAJAJ AUTO LTD.INDIA,FZS-V3-150CC,1,Non-Electric
2025,BAJAJ AUTO LTD.INDIA,PULSAR AS,9,Non-Electric
2025,BAJAJ AUTO LTD.INDIA,PULSAR NEON,6,Non-Electric
2025,BAJAJ AUTO LTD.INDIA,PULSAR NS,175,Non-Electric
2025,BAJAJ AUTO LTD.INDIA,PULSAR SD,1597,Non-Electric
2025,BAJAJ AUTO LTD.INDIA,PULSAR TD,379,Non-Electric
2025,BAJAJ AUTO LTD.INDIA,Platina,1240,Non-Electric
2025,BAJAJ AUTO LTD.INDIA,Pulsar,10244,Non-Electric
2025,BAJAJ AUTO LTD.INDIA,V 15,5,Non-Electric
2025,BAJAJ AUTO LTD.INDIA,,13826,Non-Electric
2025,BANGLADESH HONDA PRIVATE LTD.,CB HORNET 160R (DOUBLE DISC) 162.71CC ,860,Non-Electric
2025,BANGLADESH HONDA PRIVATE LTD.,CB SHINE,591,Non-Electric
2025,BANGLADESH HONDA PRIVATE LTD.,CB TRIGGER (STD),26,Non-Electric
2025,BANGLADESH HONDA PRIVATE LTD.,CB-SHINE-SP-125CC,3703,Non-Electric
2025,BANGLADESH HONDA PRIVATE LTD.,CBR-150RAK,22,Non-Electric
2025,BANGLADESH HONDA PRIVATE LTD.,CD 80,2,Non-Electric
2025,BANGLADESH HONDA PRIVATE LTD.,DEAM NEO (110CC),425,Non-Electric
2025,BANGLADESH HONDA PRIVATE LTD.,DIO(STD),15,Non-Electric
2025,BANGLADESH HONDA PRIVATE LTD.,DIO-110CC,130,Non-Electric
2025,BANGLADESH HONDA PRIVATE LTD.,DREAM NEO-110CC,121,Non-Electric
2025,BANGLADESH HONDA PRIVATE LTD.,DREAM-110CC,3282,Non-Electric
2025,BANGLADESH HONDA PRIVATE LTD.,FZS-V2-150CC,1,Non-Electric
2025,BANGLADESH HONDA PRIVATE LTD.,LIVO,57,Non-Electric
2025,BANGLADESH HONDA PRIVATE LTD.,LIVO-DISC-110CC,2412,Non-Electric
2025,BANGLADESH HONDA PRIVATE LTD.,LIVO-DRUM-110CC,398,Non-Electric
2025,BANGLADESH HONDA PRIVATE LTD.,METRO ES,1,Non-Electric
2025,BANGLADESH HONDA PRIVATE LTD.,X-BLADE-160CC,2410,Non-Electric
2025,BANGLADESH HONDA PRIVATE LTD.,,24992,Non-Electric
2025,BANGLORY INTL. LTD,,2,Non-Electric
2025,BAOXIN MOTOR CYCLE CO. LTD.,,1,Non-Electric
2025,BEIQI FOTON MOTOR CO. LTD.,,1349,Non-Electric
2025,BENTLEY,,3,Non-Electric
2025,BHAGYANAGAR CHEETAH INDIA,,1,Non-Electric
2025,BHARAT MOTORS INDIA,,1,Non-Electric
2025,BMW,,33,Non-Electric
2025,"BRILLIANCE SWM SALES CO. LTD., CN",,3,Non-Electric
2025,BYD AUTO INDUSTRY LTD CO,,304,Non-Electric
2025,CHANGAN AUTOBOBILE CO. LTD.,,2,Non-Electric
2025,CHANGAN INTER:CORPO:CHINA,,50,Non-Electric
2025,CHANGSHA FOTON CO. LTD,,182,Non-Electric
2025,CHANGZHOU JINCHAO MC. CO.,,1,Non-Electric
2025,CHANGZHOU LANXIANG MACHINERY FACTORY AVIC II,,1,Non-Electric
2025,CHENGDU DAYUN AUTOMOBILE CO.LTD,,1,Non-Electric
2025,CHERY AUTOMOBILES LTD.,,162,Non-Electric
2025,CHINA AEOLUS AUTO. IND,,1,Non-Electric
2025,CHINA HI-TECH NEW ENERGY CO.LTD,,16,Non-Electric
2025,CHINA NATIONAL INDUSTRY,,3,Non-Electric
2025,CHINA SHANDONG SHIFENG (GROUP) CO. LTD.,,1,Non-Electric
2025,CHONGJING INDUSTRY CHINA,,1,Non-Electric
2025,CHONGQING LIFAN INDUSTRY(GROUP) CO.LTD.,,19,Non-Electric
2025,CHONGQING LIFAN(GROUP) IMP. & EXP. CO.LTD.,,10,Non-Electric
2025,CHONGQING LONCIN GROUP COMPANY LTD.,,2,Non-Electric
2025,CHONGQING LONCIN I & E CO.,ZAARA-100,1,Non-Electric
2025,CHONGQING LONCIN IMP & EXP CO.,V100 LINK,1,Non-Electric
2025,CHONGQING LONCIN IMP & EXP CO.,,13,Non-Electric
2025,CHONGQING RATO INTELLIGENT CO. LTD. CN.,,2,Non-Electric
2025,CHONGQING SHANE LTD.,,1,Non-Electric
2025,CHONGQING SHINERAY AUTOMOBILE CO. LTD,,4,Non-Electric
2025,CHONGQING SOKON CO. LTD.,,25,Non-Electric
2025,CHONGQING ZONGO VEHICLE CO. LTD.,,1,Non-Electric
2025,CHONGQING ZONGSHEN AUTOMOBILE INDUSTRY CO.LTD.,,30,Non-Electric
2025,D.C.M TOYOTA,,6,Non-Electric
2025,DAIHATSHU,,18,Non-Electric
2025,DAIHATSU,,15,Non-Electric
2025,DAIMLER BENZ,,1,Non-Electric
2025,DAYANA,,1,Non-Electric
2025,DAYANG,,13,Non-Electric
2025,DAYUN,,1,Non-Electric
2025,DONG FENG MOTOR.CO.LTD.,,4,Non-Electric
2025,DONGFENG AUTOMOBILE CO.LTD,,27,Non-Electric
2025,DONGFENG MOTOR CORPN.,,5,Non-Electric
2025,DAIMLER INDIA COMMERCIAL VEHICLE PVT. LTD. INDIA,,96,Non-Electric
2025,DAIMLER INDIA COMMERCIAL VEHICLE PVT. LTD. INDIA,,2,Non-Electric
2025,EICHER INTERNATIONAL LTD,,1,Non-Electric
2025,EICHER MOTORS LTD.,Bullet 350,3,Non-Electric
2025,EICHER MOTORS LTD.,Classic350,24,Non-Electric
2025,EICHER MOTORS LTD.,EICHER 10.90L,25,Non-Electric
2025,EICHER MOTORS LTD.,EICHER 20.15,3,Non-Electric
2025,EICHER MOTORS LTD.,PRO-3015,4,Non-Electric
2025,EICHER MOTORS LTD.,Royal Enfield Mdel G 350,1,Non-Electric
2025,EICHER MOTORS LTD.,Royal Enfield Model CO 350,6,Non-Electric
2025,EICHER MOTORS LTD.,Royal Enfield(India),15,Non-Electric
2025,EICHER MOTORS LTD.,Super Meteor,1,Non-Electric
2025,EICHER MOTORS LTD.,,2619,Non-Electric
2025,EMMA MOTORS,,6,Non-Electric
2025,FAW GROUP CORP.,,2,Non-Electric
2025,FCA INTERNATIONAL OPERATIONS LLC,,2,Non-Electric
2025,FERRARI,,1,Non-Electric
2025,FORCE MOTORS INDIA.,,3,Non-Electric
2025,FORD,,5,Non-Electric
2025,FOSHAN CITY FOSTI M/C ENTP,,2,Non-Electric
2025,FREEDOMOTOR HONDA CORP.LTD.,,3,Non-Electric
2025,FUJIAN JIANJIANG SANILI CO. LTD.,,1,Non-Electric
2025,GAC MOTOR INTERNATIONAL LIMITED,,19,Non-Electric
2025,GAYAM MOTOR WORKS LTD.,,2,Non-Electric
2025,GP LIMITED. THAILAND,,42,Non-Electric
2025,GPX LIMITED. THAILAND,,109,Non-Electric
2025,GPX. TAHILAND,,76,Non-Electric
2025,GREATWALL JEEP.,,24,Non-Electric
2025,GUANGDONG FODAY,,3,Non-Electric
2025,GUANGDONG TAYO M/C CO. LTD.,,12,Non-Electric
2025,GUANGZHOU AUTOBUS CO LTD.,,1,Non-Electric
2025,GUANGZHOU DAYANG M/C CO. LTD.,SPROUT(DRUM),1,Non-Electric
2025,GUANGZHOU DAYANG M/C CO. LTD.,,2,Non-Electric
2025,GUANGZHOU FEKON M/C CO. LTD.,,1,Non-Electric
2025,GUANGZHOU HAOJIN MOTORCYCLE CO.LTD.,,5,Non-Electric
2025,HAOJIN HAILI M/C CO,,1,Non-Electric
2025,HERO HONDA MOTOR CO.,HUNK DDM,25,Non-Electric
2025,HERO HONDA MOTOR CO.,,353,Non-Electric
2025,HERO MOTOR CORP. INDIA,GLAMOUR,339,Non-Electric
2025,HERO MOTOR CORP. INDIA,HF DELUXE,681,Non-Electric
2025,HERO MOTOR CORP. INDIA,HUNK,261,Non-Electric
2025,HERO MOTOR CORP. INDIA,HUNK DDM,48,Non-Electric
2025,HERO MOTOR CORP. INDIA,IGNITOR,241,Non-Electric
2025,HERO MOTOR CORP. INDIA,PASSION PRO,164,Non-Electric
2025,HERO MOTOR CORP. INDIA,PASSION XPRO,188,Non-Electric
2025,HERO MOTOR CORP. INDIA,PLEASURE,224,Non-Electric
2025,HERO MOTOR CORP. INDIA,SPLENDOR PLUS ,1626,Non-Electric
2025,HERO MOTOR CORP. INDIA,SPLENDOR-SMART,10,Non-Electric
2025,HERO MOTOR CORP. INDIA,XTREME,2057,Non-Electric
2025,HERO MOTOR CORP. INDIA,,6396,Non-Electric
2025,HERO SPEED,,22,Non-Electric
2025,"HIGER BUS COMPANY LIMITED.,CHINA",,2,Non-Electric
2025,HINO MOTORS LTD.,,32,Non-Electric
2025,HMCL NILOY BD. LTD.,GLAMOUR,963,Non-Electric
2025,HMCL NILOY BD. LTD.,HF DELUXE,1732,Non-Electric
2025,HMCL NILOY BD. LTD.,HUNK,497,Non-Electric
2025,HMCL NILOY BD. LTD.,IGNITOR,792,Non-Electric
2025,HMCL NILOY BD. LTD.,ISMART-110,16,Non-Electric
2025,HMCL NILOY BD. LTD.,MESTRO,121,Non-Electric
2025,HMCL NILOY BD. LTD.,METRO ES,1,Non-Electric
2025,HMCL NILOY BD. LTD.,PASSION XPRO,1039,Non-Electric
2025,HMCL NILOY BD. LTD.,PLEASURE,318,Non-Electric
2025,HMCL NILOY BD. LTD.,SPLENDOR PLUS ,3968,Non-Electric
2025,HMCL NILOY BD. LTD.,THRILLER 160,192,Non-Electric
2025,HMCL NILOY BD. LTD.,,19295,Non-Electric
2025,HONDA INDIA PVT.LTD,CB HORNET,31,Non-Electric
2025,HONDA INDIA PVT.LTD,CB TRIGGER,2,Non-Electric
2025,HONDA INDIA PVT.LTD,CB-SHINE,86,Non-Electric
2025,HONDA INDIA PVT.LTD,DREAM DEO,53,Non-Electric
2025,HONDA INDIA PVT.LTD,LIVO,71,Non-Electric
2025,HONDA INDIA PVT.LTD,LIVO(DRUM),12,Non-Electric
2025,HONDA INDIA PVT.LTD,STRYKER,3,Non-Electric
2025,HONDA INDIA PVT.LTD,,3385,Non-Electric
2025,HONDA INDONESIA,,278,Non-Electric
2025,HONDA MOTOR CO. INDONESIA,,8,Non-Electric
2025,HONDA MOTOR CO. LTD. INDONESIA,,12,Non-Electric
2025,HONDA MOTORS,Accord,7,Non-Electric
2025,HONDA MOTORS,BR-V,28,Non-Electric
2025,HONDA MOTORS,CD 80,1,Non-Electric
2025,HONDA MOTORS,CR-V,179,Non-Electric
2025,HONDA MOTORS,City,24,Non-Electric
2025,HONDA MOTORS,Civic,34,Non-Electric
2025,HONDA MOTORS,Civic Hybrid,1,Non-Electric
2025,HONDA MOTORS,Dream Neo/CD 110 Dream,3,Non-Electric
2025,HONDA MOTORS,Fit EV,3,Non-Electric
2025,HONDA MOTORS,Fit Hybrid,1,Non-Electric
2025,HONDA MOTORS,Fit Shuttle,1,Non-Electric
2025,HONDA MOTORS,Grace,21,Non-Electric
2025,HONDA MOTORS,HR-V,13,Non-Electric
2025,HONDA MOTORS,Honda J-VW,1,Non-Electric
2025,HONDA MOTORS,Honda TLR200,1,Non-Electric
2025,HONDA MOTORS,Insight ,73,Non-Electric
2025,HONDA MOTORS,Stream,1,Non-Electric
2025,HONDA MOTORS,Vezel,19,Non-Electric
2025,HONDA MOTORS,X BLADE,7,Non-Electric
2025,HONDA MOTORS,XBR500,1,Non-Electric
2025,HONDA MOTORS,honda Z,1,Non-Electric
2025,HONDA MOTORS,,961,Non-Electric
2025,HONDA SIEL CARS INDIA,,1,Non-Electric
2025,HONDA THAILAND,,52,Non-Electric
2025,HPM AUTO IND.LTD,,9,Non-Electric
2025,HYOSUNG MOTORS,,11,Non-Electric
2025,HYUNDAI MOTOR COMPANY,,444,Non-Electric
2025,HYUNDAI MOTOR INDIA LIMITED,,1,Non-Electric
2025,HYUNDAI MOTORS,,9,Non-Electric
2025,IFAD MOTORS LIMITED,SZ,1,Non-Electric
2025,IFAD MOTORS LIMITED,TD2,1,Non-Electric
2025,IFAD MOTORS LIMITED,,8793,Non-Electric
2025,INDIA YAMAHA MOTORS PVT.LTD.,ALPHA,2,Non-Electric
2025,INDIA YAMAHA MOTORS PVT.LTD.,FAZAR-V2-150CC,87,Non-Electric
2025,INDIA YAMAHA MOTORS PVT.LTD.,FAZER F1 V2.0,194,Non-Electric
2025,INDIA YAMAHA MOTORS PVT.LTD.,FZS DD,4364,Non-Electric
2025,INDIA YAMAHA MOTORS PVT.LTD.,FZS-V2-150CC,1,Non-Electric
2025,INDIA YAMAHA MOTORS PVT.LTD.,FZS-V3-150CC,1837,Non-Electric
2025,INDIA YAMAHA MOTORS PVT.LTD.,MT-15-155CC,215,Non-Electric
2025,INDIA YAMAHA MOTORS PVT.LTD.,R15-V3-155CC,289,Non-Electric
2025,INDIA YAMAHA MOTORS PVT.LTD.,RAYZR-113CC,69,Non-Electric
2025,INDIA YAMAHA MOTORS PVT.LTD.,SALUTO,415,Non-Electric
2025,INDIA YAMAHA MOTORS PVT.LTD.,SZRR(SE),3,Non-Electric
2025,INDIA YAMAHA MOTORS PVT.LTD.,XSR-155CC,6,Non-Electric
2025,INDIA YAMAHA MOTORS PVT.LTD.,YAMAHA FZS,782,Non-Electric
2025,INDIA YAMAHA MOTORS PVT.LTD.,YAMAHA FZS V3.0 B8T200-010CMDPBM,25,Non-Electric
2025,INDIA YAMAHA MOTORS PVT.LTD.,,8096,Non-Electric
2025,INDO FARM EQUIPMENT LTD.,,1,Non-Electric
2025,INTTL(INTERNATIONAL) TRACTOR LTD.,,2,Non-Electric
2025,ISUZU MOTOR LIMITED,Isuzu D-Max,5,Non-Electric
2025,ISUZU MOTOR LIMITED,Isuzu VX-4,1,Non-Electric
2025,ISUZU MOTOR LIMITED,Isuzu VX-O2,1,Non-Electric
2025,ISUZU MOTOR LIMITED,,438,Non-Electric
2025,JAMUNA ELEC & AUTO LTD.,,82,Non-Electric
2025,JIANGMEN DACHANGJIANG CO.,KA135,3,Non-Electric
2025,JIANGMEN DACHANGJIANG CO.,,13,Non-Electric
2025,JIANGMEN DSEHANGJIANG CO. CHINA,HAOJUE TR-150,1,Non-Electric
2025,JIANGMEN DSEHANGJIANG CO. CHINA,HAOJUE TZ-135,1,Non-Electric
2025,JIANGMEN DSEHANGJIANG CO. CHINA,,1,Non-Electric
2025,JIANGMEN HAOJUE I & E CO.,,7,Non-Electric
2025,JIANGMEN SUZUKI MOTORS,,14,Non-Electric
2025,JIANGXI JIANGLING MOTORS IMPORT AND EXPORT CO.LTD.,,54,Non-Electric
2025,JINAN QINGQI SUZUKI MOTORCYCLE CO. LTD,,322,Non-Electric
2025,KAIFENG JETOUR AUTO CO. LTD,,20,Non-Electric
2025,KAWASAKI,,1,Non-Electric
2025,KAWASAKI THAILAND CO.LTD.,,1,Non-Electric
2025,KAWASAKI. INDONESIA,,14,Non-Electric
2025,KIA MOTORS,,175,Non-Electric
2025,KIA MOTORS INDIA PRIVATE LTD.,,1,Non-Electric
2025,KOMATSU LTD.,,1,Non-Electric
2025,KTM INDIA,RC125CC,4,Non-Electric
2025,KTM INDIA,,63,Non-Electric
2025,LAND ROVER,,23,Non-Electric
2025,LIFAN,,8,Non-Electric
2025,LIFAN IND.QIPAI CHINA,,2,Non-Electric
2025,LIFENG GROUP CO.LTD.CHINA.,,1,Non-Electric
2025,LUOYANG NORTHERN EKCHOR,,6,Non-Electric
2025,"LIANGSHAN CIMC DONGYUE VEHICLES CO., LTD. CHINA.",,2,Non-Electric
2025,M.M.C JAPAN,,18,Non-Electric
2025,M/S. ACI MOTORS LTD.,AEROX 155CC,1,Non-Electric
2025,M/S. ACI MOTORS LTD.,FAZER,489,Non-Electric
2025,M/S. ACI MOTORS LTD.,FAZER 150CC,133,Non-Electric
2025,M/S. ACI MOTORS LTD.,FZS V4 150CC,4373,Non-Electric
2025,M/S. ACI MOTORS LTD.,FZS-V2-150CC,12174,Non-Electric
2025,M/S. ACI MOTORS LTD.,FZS-V3-150CC,2644,Non-Electric
2025,M/S. ACI MOTORS LTD.,FZX 150CC,804,Non-Electric
2025,M/S. ACI MOTORS LTD.,GIXXER,1,Non-Electric
2025,M/S. ACI MOTORS LTD.,MT-15-155CC,1,Non-Electric
2025,M/S. ACI MOTORS LTD.,MT15 V1 155CC,8,Non-Electric
2025,M/S. ACI MOTORS LTD.,MT15 V2 155CC,12,Non-Electric
2025,M/S. ACI MOTORS LTD.,R15 V3 155CC,15,Non-Electric
2025,M/S. ACI MOTORS LTD.,R15 V4 155CC,20,Non-Electric
2025,M/S. ACI MOTORS LTD.,RAY ZR 113CC,6,Non-Electric
2025,M/S. ACI MOTORS LTD.,RAY ZR 125CC,18,Non-Electric
2025,M/S. ACI MOTORS LTD.,SALUTO-125CC,1596,Non-Electric
2025,M/S. ACI MOTORS LTD.,TVS Wego,1,Non-Electric
2025,M/S. ACI MOTORS LTD.,,18556,Non-Electric
2025,M/S. KEYA MOTORS,,1,Non-Electric
2025,M/S. RANCON MOTORBIKES LTD. BANGLADESH,ACCESS-DISC,429,Non-Electric
2025,M/S. RANCON MOTORBIKES LTD. BANGLADESH,ACCESS-DRUM,15,Non-Electric
2025,M/S. RANCON MOTORBIKES LTD. BANGLADESH,BANDIT,2,Non-Electric
2025,M/S. RANCON MOTORBIKES LTD. BANGLADESH,BANDIT DUEL CHANNEL ABS,10,Non-Electric
2025,M/S. RANCON MOTORBIKES LTD. BANGLADESH,FZS V4 150CC,1,Non-Electric
2025,M/S. RANCON MOTORBIKES LTD. BANGLADESH,GIXXER,12667,Non-Electric
2025,M/S. RANCON MOTORBIKES LTD. BANGLADESH,GIXXER CARB-DISC,502,Non-Electric
2025,M/S. RANCON MOTORBIKES LTD. BANGLADESH,GIXXER FI-ABS,1553,Non-Electric
2025,M/S. RANCON MOTORBIKES LTD. BANGLADESH,GIXXER SF FI -ABS,1167,Non-Electric
2025,M/S. RANCON MOTORBIKES LTD. BANGLADESH,GIXXER SF-GP-DD,81,Non-Electric
2025,M/S. RANCON MOTORBIKES LTD. BANGLADESH,GIXXER SF-GP-DD-FI,88,Non-Electric
2025,M/S. RANCON MOTORBIKES LTD. BANGLADESH,GIXXER-DT-DD,49,Non-Electric
2025,M/S. RANCON MOTORBIKES LTD. BANGLADESH,GIXXERSF CARB-DISC,97,Non-Electric
2025,M/S. RANCON MOTORBIKES LTD. BANGLADESH,GSX 125 ,329,Non-Electric
2025,M/S. RANCON MOTORBIKES LTD. BANGLADESH,GSX-R DUEL CHANNEL ABS,64,Non-Electric
2025,M/S. RANCON MOTORBIKES LTD. BANGLADESH,GSXR 150,120,Non-Electric
2025,M/S. RANCON MOTORBIKES LTD. BANGLADESH,HAYATE-EP,350,Non-Electric
2025,M/S. RANCON MOTORBIKES LTD. BANGLADESH,INTRUDER-GLA- ABS,3,Non-Electric
2025,M/S. RANCON MOTORBIKES LTD. BANGLADESH,INTRUDER-RLA-FI ABS,1,Non-Electric
2025,M/S. RANCON MOTORBIKES LTD. BANGLADESH,LETS,2,Non-Electric
2025,M/S. RANCON MOTORBIKES LTD. BANGLADESH,SAMURAL 150,1,Non-Electric
2025,M/S. RANCON MOTORBIKES LTD. BANGLADESH,SUZUKI-GE110,49,Non-Electric
2025,M/S. RANCON MOTORBIKES LTD. BANGLADESH,TVS Wego,1,Non-Electric
2025,M/S. RANCON MOTORBIKES LTD. BANGLADESH,,17095,Non-Electric
2025,M/S. TRANS ASIA INDUSTRIES LTD.,DISCOVER125,437,Non-Electric
2025,M/S. TRANS ASIA INDUSTRIES LTD.,Discover,1,Non-Electric
2025,M/S. TRANS ASIA INDUSTRIES LTD.,,1555,Non-Electric
2025,MAHINDRA & MAHINDRA,PS PICKUP- BS-III-2,1,Non-Electric
2025,MAHINDRA & MAHINDRA,,633,Non-Electric
2025,MAHINDRA TWO WHEELERS LTD,CENTURO 01,3,Non-Electric
2025,MAHINDRA TWO WHEELERS LTD,CENTURO DB,2,Non-Electric
2025,MAHINDRA TWO WHEELERS LTD,,15,Non-Electric
2025,MARUTI SUZUKI  LTD.,,58,Non-Electric
2025,MASERATI,,1,Non-Electric
2025,MAZDA,Axela,2,Non-Electric
2025,MAZDA,Mazda 1500,1,Non-Electric
2025,MAZDA,Mazda3,1,Non-Electric
2025,MAZDA, Roadpacer,4,Non-Electric
2025,MAZDA,,42,Non-Electric
2025,MERCEDES,,11,Non-Electric
2025,MERCEDES-BENZ,,38,Non-Electric
2025,MERCEDES-BENZ,,8,Non-Electric
2025,MINI MOKE,,1,Non-Electric
2025,MITSUBISHI FUSO TRUCK AND BUS CORP.,,102,Non-Electric
2025,MITSUBISHI M. CO. LTD.,Eclipse Cross,3,Non-Electric
2025,MITSUBISHI M. CO. LTD.,Jeep,1,Non-Electric
2025,MITSUBISHI M. CO. LTD.,L200,44,Non-Electric
2025,MITSUBISHI M. CO. LTD.,Mitsubshi 360,1,Non-Electric
2025,MITSUBISHI M. CO. LTD.,Outlander,1,Non-Electric
2025,MITSUBISHI M. CO. LTD.,Outlander Sport,1,Non-Electric
2025,MITSUBISHI M. CO. LTD.,Xpander,1,Non-Electric
2025,MITSUBISHI M. CO. LTD.,,741,Non-Electric
2025,MS RAFIQ AUTOVAN MANUFACTURING INDUSTRIES LTD.,,1,Non-Electric
2025,N.I.SYNDICATE AUTO IND.,,4,Non-Electric
2025,NANJING JINGHENG,,1,Non-Electric
2025,"NEW GRAMEEN MOTORS, BD", ZAARA,7,Non-Electric
2025,"NEW GRAMEEN MOTORS, BD",150,10,Non-Electric
2025,"NEW GRAMEEN MOTORS, BD",DD110-VX,11,Non-Electric
2025,"NEW GRAMEEN MOTORS, BD",DD125-6A,2,Non-Electric
2025,"NEW GRAMEEN MOTORS, BD",DD80H,2,Non-Electric
2025,"NEW GRAMEEN MOTORS, BD",GP (165CC),16,Non-Electric
2025,"NEW GRAMEEN MOTORS, BD",H 100C,3,Non-Electric
2025,"NEW GRAMEEN MOTORS, BD",H POWER,20,Non-Electric
2025,"NEW GRAMEEN MOTORS, BD",ZAARA 110,51,Non-Electric
2025,"NEW GRAMEEN MOTORS, BD",,1069,Non-Electric
2025,NINGBO LONGJIA M/C CO LTD,,108,Non-Electric
2025,NISSAN,Nissan 80,1,Non-Electric
2025,NISSAN,Nissan Patrol,1,Non-Electric
2025,NISSAN,Serena,1,Non-Electric
2025,NISSAN,X-Trail,67,Non-Electric
2025,NISSAN,Xterra,2,Non-Electric
2025,NISSAN,,206,Non-Electric
2025,NOOMA SCI AND TECH CO.LTD,,5,Non-Electric
2025,OMODA AND JAECOO AUTO CO. LTD,,98,Non-Electric
2025,PERODUA SALES SDN.BHD.MALAYSIA,,62,Non-Electric
2025,PEUGEOT MOTOR CO. FRANCE,,20,Non-Electric
2025,PIAGGIO VEHICLES LTD.,,34,Non-Electric
2025,PIAGGIO VEHICLES LTD. INDIA.,VESPA VXL-125,1,Non-Electric
2025,PIAGGIO VEHICLES LTD. INDIA.,,27,Non-Electric
2025,PIAGGIO(VESPA),,5,Non-Electric
2025,PIAGGO VECHILES PVT. LTD. INDIA,,116,Non-Electric
2025,PORSCHE,,2,Non-Electric
2025,PROTON,,156,Non-Electric
2025,PROTON SAGA,,1,Non-Electric
2025,"PT SGMW MOTOR, INDONESIA",,11,Non-Electric
2025,PT TVS MOTOR COMPANY INDONESIA LTD.,,429,Non-Electric
2025,PT.MITSUBISHI MOTORS,,408,Non-Electric
2025,"PT.SOKONINDO AUTOMOBILE, INDONESIA",,20,Non-Electric
2025,QIANJIANG MOTORS LTD,RKS-100CC,1,Non-Electric
2025,QIANJIANG MOTORS LTD,RKS150,1,Non-Electric
2025,QIANJIANG MOTORS LTD,,9,Non-Electric
2025,QJIANG,,4,Non-Electric
2025,RAHUL COACH BUILDERS LTD,,2,Non-Electric
2025,RANGE ROVER,,7,Non-Electric
2025,RANGS MOTORCYCLE CO,,11,Non-Electric
2025,RCJ AUTO FORGE PVT. LTD.,,1,Non-Electric
2025,RENAULT INDIA PVT LTD,,1,Non-Electric
2025,ROAD MASTER MOTORS,VELOCITY,2,Non-Electric
2025,ROAD MASTER MOTORS,,9,Non-Electric
2025,ROADMASTER MOTORS LTD,DELIGHT,1,Non-Electric
2025,ROADMASTER MOTORS LTD,,8,Non-Electric
2025,ROLLS ROYCE,,1,Non-Electric
2025,RUNNER,AD80S DELUXE,145,Non-Electric
2025,RUNNER,BULLET,9,Non-Electric
2025,RUNNER,CHEETA,9,Non-Electric
2025,RUNNER,F100-6A,7,Non-Electric
2025,RUNNER,KITE RT,4,Non-Electric
2025,RUNNER,KITE+,61,Non-Electric
2025,RUNNER,RENEGADE SPORT,3,Non-Electric
2025,RUNNER,TURBO-125,7,Non-Electric
2025,RUNNER,,538,Non-Electric
2025,RUNNER,,1403,Non-Electric
2025,ROYAL MOTOR COMPANY LTD. ENGLAND,,161,Non-Electric
2025,SAIC MOTOR CORPORATION LTD. CHINA,,123,Non-Electric
2025,SANYOU HODINGH GROUP YINYOU MOTORCYCLE CO. LTD.,,1,Non-Electric
2025,SCOOTERS INDIA LTD.,,2,Non-Electric
2025,SHANDONG JULI CO. LTD.,,1,Non-Electric
2025,SHANDONG KAMA DUMP TRUCK,,1,Non-Electric
2025,SHANDONG TANGJUN OULING AUTOMOBILE MANUFA CO LTD C,,19,Non-Electric
2025,SHANGDONG KAMA AUTOMOBILE MANUFACTURING CO. LTD.,,21,Non-Electric
2025,SHINERAY M/C CO. LTD,,1,Non-Electric
2025,SINOTRUK IMP & EXP CO. LTD.,,6,Non-Electric
2025,SINOTRUK INTERNATIONAL,,31,Non-Electric
2025,SML ISUZU LTD,,154,Non-Electric
2025,SPEEDOZ LIMITED.BD,,742,Non-Electric
2025,SSANGYONG MOTOR COMPANY,,5,Non-Electric
2025,SUBARU,,7,Non-Electric
2025,SUINING DONGCHENG CAR CO. LTD,,1,Non-Electric
2025,SUZUKI,AN Burgman series,2,Non-Electric
2025,SUZUKI,Access 125,15,Non-Electric
2025,SUZUKI,FA50 (Suzuki Shuttle),4,Non-Electric
2025,SUZUKI,FM50 (Suzuki Landie),1,Non-Electric
2025,SUZUKI,GS150R,1,Non-Electric
2025,SUZUKI,GS250,7,Non-Electric
2025,SUZUKI,GSX 150 Gixxer,228,Non-Electric
2025,SUZUKI,GSX 150F Gixxer SF,45,Non-Electric
2025,SUZUKI,GSX 250,14,Non-Electric
2025,SUZUKI,GSX 250F,3,Non-Electric
2025,SUZUKI,GSX-R125,2,Non-Electric
2025,SUZUKI,GSX-R150,8,Non-Electric
2025,SUZUKI,GSX-R250,1,Non-Electric
2025,SUZUKI,GSX-RR,16,Non-Electric
2025,SUZUKI,JINCHENG SUZUKI,1,Non-Electric
2025,SUZUKI,SJK Mini Free MF1,1,Non-Electric
2025,SUZUKI,Suzuki Lets,14,Non-Electric
2025,SUZUKI,,2691,Non-Electric
2025,SUZUKI INDONESIA,,62,Non-Electric
2025,SUZUKI M/C INDIA LTD,GE 110D,33,Non-Electric
2025,SUZUKI M/C INDIA LTD,GE110,34,Non-Electric
2025,SUZUKI M/C INDIA LTD,GIXXER,3,Non-Electric
2025,SUZUKI M/C INDIA LTD,GIXXER 5F,337,Non-Electric
2025,SUZUKI M/C INDIA LTD,SUZUKI-SF-GIXXER,1560,Non-Electric
2025,SUZUKI M/C INDIA LTD,,5239,Non-Electric
2025,SUZUKI MOTOR CORP.THAILAND,,8,Non-Electric
2025,SWARAJ MAZDA LTD,,3,Non-Electric
2025,TADANO LTD. JAPAN,,2,Non-Electric
2025,TAFE LIMITED,,790,Non-Electric
2025,TATA,ACE EX2,136,Non-Electric
2025,TATA,LP 407,1,Non-Electric
2025,TATA,LP 709,5,Non-Electric
2025,TATA,LP 909,15,Non-Electric
2025,TATA,LPK 2518,3,Non-Electric
2025,TATA,LPO 1316,1,Non-Electric
2025,TATA,LPO 1512,4,Non-Electric
2025,TATA,LPO 1618,3,Non-Electric
2025,TATA,LPT 1010,2,Non-Electric
2025,TATA,LPT 1109,36,Non-Electric
2025,TATA,LPT 1212,40,Non-Electric
2025,TATA,LPT 1613,2,Non-Electric
2025,TATA,LPT 1615,3,Non-Electric
2025,TATA,LPT 2518,2,Non-Electric
2025,TATA,LPT 2518 TC,3,Non-Electric
2025,TATA,LPT 3118,5,Non-Electric
2025,TATA,LPT 709,5,Non-Electric
2025,TATA,Super Ace,1,Non-Electric
2025,TATA,TATA,13,Non-Electric
2025,TATA,TATA 1109,32,Non-Electric
2025,TATA,TATA 2518C,4,Non-Electric
2025,TATA,TATA Ace,56,Non-Electric
2025,TATA,Tata 1613,2,Non-Electric
2025,TATA,Tata 1615,8,Non-Electric
2025,TATA,Tata 1615c,1,Non-Electric
2025,TATA,Tata 1616,4,Non-Electric
2025,TATA,Tata 1618c,1,Non-Electric
2025,TATA,Tata 2518c,9,Non-Electric
2025,TATA,Tata 3118,1,Non-Electric
2025,TATA,Tata 407,3,Non-Electric
2025,TATA,Tata 407 Ex,11,Non-Electric
2025,TATA,Tata 407 Ex2,1,Non-Electric
2025,TATA,Tata 709 Ex,2,Non-Electric
2025,TATA,Tata 909 Ex,2,Non-Electric
2025,TATA,Tata LPT 709 E,1,Non-Electric
2025,TATA,Tata Xenon,2,Non-Electric
2025,TATA,,7141,Non-Electric
2025,THAI SUZUKI MOTOR CO.LTD,,7,Non-Electric
2025,TOYO KOGYO,,6,Non-Electric
2025,TOYOTA M. CROP.,1NZ,1,Non-Electric
2025,TOYOTA M. CROP.,AA ,2,Non-Electric
2025,TOYOTA M. CROP.,AC ,1,Non-Electric
2025,TOYOTA M. CROP.,Allion,79,Non-Electric
2025,TOYOTA M. CROP.,Alphard,40,Non-Electric
2025,TOYOTA M. CROP.,Avanza,2,Non-Electric
2025,TOYOTA M. CROP.,C-HR,132,Non-Electric
2025,TOYOTA M. CROP.,Camry,2,Non-Electric
2025,TOYOTA M. CROP.,Celsior ,1,Non-Electric
2025,TOYOTA M. CROP.,Chaser ,1,Non-Electric
2025,TOYOTA M. CROP.,Coaster,16,Non-Electric
2025,TOYOTA M. CROP.,Corolla,349,Non-Electric
2025,TOYOTA M. CROP.,Corolla Axio,941,Non-Electric
2025,TOYOTA M. CROP.,Corolla Fielder,204,Non-Electric
2025,TOYOTA M. CROP.,Corolla Verso ,2,Non-Electric
2025,TOYOTA M. CROP.,Corona,2,Non-Electric
2025,TOYOTA M. CROP.,Crown,17,Non-Electric
2025,TOYOTA M. CROP.,Echo ,1,Non-Electric
2025,TOYOTA M. CROP.,Esquire,499,Non-Electric
2025,TOYOTA M. CROP.,"Etios Liva, Etios Cross",64,Non-Electric
2025,TOYOTA M. CROP.,Grand Hiace ,2,Non-Electric
2025,TOYOTA M. CROP.,Harrier,359,Non-Electric
2025,TOYOTA M. CROP.,Hiace,387,Non-Electric
2025,TOYOTA M. CROP.,Highander,10,Non-Electric
2025,TOYOTA M. CROP.,Hilux,16,Non-Electric
2025,TOYOTA M. CROP.,Land Cruiser,3,Non-Electric
2025,TOYOTA M. CROP.,Land Cruiser Prado,111,Non-Electric
2025,TOYOTA M. CROP.,Lexcen ,4,Non-Electric
2025,TOYOTA M. CROP.,Noah,501,Non-Electric
2025,TOYOTA M. CROP.,Pixis Mega,1,Non-Electric
2025,TOYOTA M. CROP.,Premio,284,Non-Electric
2025,TOYOTA M. CROP.,Prius,314,Non-Electric
2025,TOYOTA M. CROP.,Prius C,1,Non-Electric
2025,TOYOTA M. CROP.,Prius PHV,3,Non-Electric
2025,TOYOTA M. CROP.,Prius V,1,Non-Electric
2025,TOYOTA M. CROP.,ProAce ,1,Non-Electric
2025,TOYOTA M. CROP.,Probox Van,1,Non-Electric
2025,TOYOTA M. CROP.,RAV4,48,Non-Electric
2025,TOYOTA M. CROP.,Regiusace,2,Non-Electric
2025,TOYOTA M. CROP.,Rush,4,Non-Electric
2025,TOYOTA M. CROP.,Sequoia,1,Non-Electric
2025,TOYOTA M. CROP.,Sienna,1,Non-Electric
2025,TOYOTA M. CROP.,Sienta,70,Non-Electric
2025,TOYOTA M. CROP.,Succeed Van,7,Non-Electric
2025,TOYOTA M. CROP.,TOYOTA PRIUS ALPHA,4,Non-Electric
2025,TOYOTA M. CROP.,Townace,1,Non-Electric
2025,TOYOTA M. CROP.,Vellfire,2,Non-Electric
2025,TOYOTA M. CROP.,Vitz,1,Non-Electric
2025,TOYOTA M. CROP.,Voxy,166,Non-Electric
2025,TOYOTA M. CROP.,Yaris,72,Non-Electric
2025,TOYOTA M. CROP.,Yaris Verso ,1,Non-Electric
2025,TOYOTA M. CROP.,,16318,Non-Electric
2025,TVS AUTO BANGLADESH LTD.,APACHE RTR 160CC,562,Non-Electric
2025,TVS AUTO BANGLADESH LTD.,APACHE RTR 4V,1123,Non-Electric
2025,TVS AUTO BANGLADESH LTD.,RADEON,117,Non-Electric
2025,TVS AUTO BANGLADESH LTD.,TVS METRO ES N,362,Non-Electric
2025,TVS AUTO BANGLADESH LTD.,TVS METRO PLUS DISC,435,Non-Electric
2025,TVS AUTO BANGLADESH LTD.,TVS STR YKER,542,Non-Electric
2025,TVS AUTO BANGLADESH LTD.,XL 100CC,126,Non-Electric
2025,TVS AUTO BANGLADESH LTD.,,5149,Non-Electric
2025,TVS MOTOR COMPANY LIMITED,APACHE RTR 4V,1161,Non-Electric
2025,TVS MOTOR COMPANY LIMITED,FZS-V2-150CC,1,Non-Electric
2025,TVS MOTOR COMPANY LIMITED,JUPITER,1,Non-Electric
2025,TVS MOTOR COMPANY LIMITED,METRO ES,401,Non-Electric
2025,TVS MOTOR COMPANY LIMITED,METRO PLUS,753,Non-Electric
2025,TVS MOTOR COMPANY LIMITED,RADEON,281,Non-Electric
2025,TVS MOTOR COMPANY LIMITED,STRYKER,440,Non-Electric
2025,TVS MOTOR COMPANY LIMITED,TVS APACHE RTR,666,Non-Electric
2025,TVS MOTOR COMPANY LIMITED,TVS NTORQ,398,Non-Electric
2025,TVS MOTOR COMPANY LIMITED,TVS Scooty,3,Non-Electric
2025,TVS MOTOR COMPANY LIMITED,TVS Wego,58,Non-Electric
2025,TVS MOTOR COMPANY LIMITED,XL-100,134,Non-Electric
2025,TVS MOTOR COMPANY LIMITED,,5969,Non-Electric
2025,TVS SUZUKI LIMITED,,7,Non-Electric
2025,TVS VICTOR,,1,Non-Electric
2025,VOLKSWAGEN,,1,Non-Electric
2025,WALTON HI-TEC INDUSTRIES LTD,LEO+,2,Non-Electric
2025,WUXI FEIHAO INTL TRADE LTD,,63,Non-Electric
2025,WUXI YADEA EXP-IMP .CO.LTD,,1,Non-Electric
2025,WUYANG HONDA MOTORS(GUANGZHOU) CO.LTD,,2,Non-Electric
2025,XIAMEN KING LONG UNITED AUTOMOTIVE IND. CO. LTD,,3,Non-Electric
2025,XIAMEN XIASHING M/C CO. LTD,,2,Non-Electric
2025,XUZHOU MACHINERY CO. LTD. CN.,,1,Non-Electric
2025,"YAHAO MOTORCYCLE INDUSTRIAL DEVELOPMENT, COM.",,5,Non-Electric
2025,YAMAHA,FAZER,1,Non-Electric
2025,YAMAHA,FZ-S V4,3,Non-Electric
2025,YAMAHA,FZ1/FZ6,1,Non-Electric
2025,YAMAHA,FZ150i / V-Ixion,2,Non-Electric
2025,YAMAHA,FZ16,1,Non-Electric
2025,YAMAHA,FZS-V2-150CC,1,Non-Electric
2025,YAMAHA,FZS600,22,Non-Electric
2025,YAMAHA,MT-01,1,Non-Electric
2025,YAMAHA,R15 VERSION 3.0,3,Non-Electric
2025,YAMAHA,RD350,1,Non-Electric
2025,YAMAHA,RD350LC,1,Non-Electric
2025,YAMAHA,RD400,1,Non-Electric
2025,YAMAHA,SS 125,1,Non-Electric
2025,YAMAHA,TD2,1,Non-Electric
2025,YAMAHA,Yamaha V50m,1,Non-Electric
2025,YAMAHA,,3640,Non-Electric
2025,YAMAHA ESCORTS LTD.,,2,Non-Electric
2025,YAMAHA INDONESIA,,1202,Non-Electric
2025,YAMAHA MOTOR CO. LTD. THAILAND,,11,Non-Electric
2025,YAMAHA MOTOR CO.LTD,,2309,Non-Electric
2025,YAMAHA MOTOR INDIA PVT.LTD.,AEROX 155CC,6,Non-Electric
2025,YAMAHA MOTOR INDIA PVT.LTD.,FAZER 150CC,9,Non-Electric
2025,YAMAHA MOTOR INDIA PVT.LTD.,FAZER FI V2.0 ,90,Non-Electric
2025,YAMAHA MOTOR INDIA PVT.LTD.,FZS V2 150CC,54,Non-Electric
2025,YAMAHA MOTOR INDIA PVT.LTD.,FZS V3 150CC,17,Non-Electric
2025,YAMAHA MOTOR INDIA PVT.LTD.,FZS V4 150CC,32,Non-Electric
2025,YAMAHA MOTOR INDIA PVT.LTD.,FZX 150CC,4,Non-Electric
2025,YAMAHA MOTOR INDIA PVT.LTD.,MT15 V1 155CC,7,Non-Electric
2025,YAMAHA MOTOR INDIA PVT.LTD.,MT15 V2 155CC,19,Non-Electric
2025,YAMAHA MOTOR INDIA PVT.LTD.,R15 V3 155CC,22,Non-Electric
2025,YAMAHA MOTOR INDIA PVT.LTD.,R15 V4 155CC,16,Non-Electric
2025,YAMAHA MOTOR INDIA PVT.LTD.,RAY ZR 113CC,5,Non-Electric
2025,YAMAHA MOTOR INDIA PVT.LTD.,RAY ZR 125CC,15,Non-Electric
2025,YAMAHA MOTOR INDIA PVT.LTD.,SALUTO 125CC,1,Non-Electric
2025,YAMAHA MOTOR INDIA PVT.LTD.,,1274,Non-Electric
2025,YAMASAKI M/C CO. LTD,,2,Non-Electric
2025,YIANGANGS & T CO. LTD.,,1,Non-Electric
2025,ZANGCHENG FREEDOM M/C,,1,Non-Electric
2025,ZELONG SANYA CHINA,,1,Non-Electric
2025,"ZHEJAING JIAJUE MOTOR CO, LTD. CHINA.",,3,Non-Electric
2025,ZHEJIANG CFMOTO CO.LTD.,,19,Non-Electric
2025,ZHEJIANG GEELY MING IND.CO.LTD,,5,Non-Electric
2025,ZHEJIANG HEALTH PHONIX CO.,,1,Non-Electric
2025,ZHEJIANG JIAJUE MOTORCYCLE MANUFACTURING CO. LTD,,1,Non-Electric
2025,"ZHEJIANG SENLING MOTORCYCLE CO., LTD",,10,Non-Electric
2025,ZHEJIANG ZHONGNENG CO. LTD,,16,Non-Electric
2025,ZHENGZHOU DONGFENG CO LTD,,4,Non-Electric
2025,ZHENGZHOW NISSAN CO. CHAINA,,2,Non-Electric
2025,ZONGSHEN AUTO INS. CO.,,1,Non-Electric
2025,"ZHEJIANG CHUANGTAI M/C CO., LTD.",GP-1,5,Non-Electric
2025,"ZHEJIANG CHUANGTAI M/C CO., LTD.",,24,Non-Electric
2025,ZONGSHEN PIAGGIO FOSHAN MOTORCYCLE CO. LTD. CHINA,,2,Non-Electric
